accountId,id,name,profileIconId,revisionDate,summonerLevel
209050712,56930667,Tar2an,1666,1509246451000,30
206737570,40210719,F0y,683,1509277462000,30
208954564,56200652,김메피,3008,1509194617000,30
665129,1091187,KT MATA,1391,1508819772000,30
200578193,12600476,프제짱,3006,1509099565000,30
208710504,54692988,2000 07 22,3163,1509132868000,30
205721952,33570902,7 5,3006,1509234098000,30
4172890,5283326,마이엠브,2087,1509271577000,30
201009223,13965344,6학년4반장용준,3006,1509011145000,30
6728662,9722804,arastol,3163,1509296466000,30
1437517,2031907,아테나찡,23,1509117060000,30
4094465,5145847,미 키,3163,1509268330000,30
203024256,22441180,구 탄단,3006,1509215381000,30
1646013,2187036,KDM Roach,898,1509104419000,30
201556024,17577936,find myself,3150,1509245537000,30
207874718,47820563,Kerla,20,1509250562000,30
203509833,23755659,기회는지금뿐야,1114,1509273264000,30
2725181,3458580,쪼렙이다말로하자,3019,1509262288000,30
205817334,34260312,L1sure,3006,1509233969000,30
1805320,2577586,요플래,3006,1509258893000,30
208177961,50401099,힘들 했,3006,1509251484000,30
209270513,58620897,KT SSUN,1482,1509096611000,30
5524615,7867667,우철짱123,1385,1509284445000,30
208543788,53210668,APK Nova,2076,1509072451000,30
200555547,12103321,Please find it,589,1509253729000,30
4122399,5290661,SKT T1 Untara,3150,1509016171000,30
208259196,51060360,qmsmdkxjch,3150,1509253890000,30
206325287,37710890,많이 보고 싶어요,3150,1509258409000,30
205888262,34710713,ROX Se0ngHwan,1480,1509241549000,30
779882,1206547,브리즈번,2088,1509113742000,30
377501,1180166,좋은날,785,1508990128000,30
200030188,11351772,나유준,3008,1509274662000,30
200059718,11373319,Fabu,3037,1509264885000,30
2024821,3323260,아프다고말하면,2076,1509059990000,30
266599,3695029,real gankster,986,1509181943000,30
204912588,30550903,ROX Lindarang,1,1509254039000,30
204152129,26592645,WannaBe HighDin,3006,1509276719000,30
204062750,26022557,진쟤승,3081,1509280868000,30
206298836,37650160,wo yao qu daye,1301,1509099565000,30
203874706,25330313,BtC Joker,1625,1509253607000,30
203649218,23913258,커소리어스나,3163,1509256095000,30
208056637,49400639,YM  zhongdan,1445,1509258966000,30
1830884,2337101,보요하다 곡 작,984,1509270009000,30
200381865,12022069,HanGuo Xiao Daye,588,1509262603000,30
205248873,31700901,MVP Ian,3008,1509246451000,30
206107682,36250290,K T,1482,1509178605000,30
3489417,4572590,Alun,3041,1509084305000,30
7803418,11108018,Sakura Devil,3172,1509281642000,30
909429,1296022,GuGer,26,1509013677000,30
1960910,2476861,콩복치,970,1509271449000,30
4020503,5151686,CJE Candy,4,1509281494000,30
207987339,51651113,귀여운안지영,1441,1509187549000,30
3765312,4636042,Riyon,1105,1509078595000,30
208537462,53290161,FeelsG00DMan,1426,1509268831000,30
206198425,36791740,얼라이쁘,3150,1509189310000,30
208244782,50791988,bbq Ghost,3163,1509280868000,30
209521897,60970764,Peanut,3041,1509265279000,30
205940681,35030847,CCCrusHHH,3163,1509265963000,30
204167188,26670323,츠코파이,713,1509095643000,30
208191209,50800386,knight dog,3018,1509260165000,30
4741330,6730482,maxiaotiao,7,1509249325000,30
201236882,16810685,RedBull Thal,745,1509273264000,30
6871165,9810634,NekoL,1114,1508736682000,30
203073673,22611767,원딜둥이,982,1509166952000,30
4267501,5356799,슬프다고말하면,2076,1508918534000,30
209319733,59230720,백수 Rain1ng,1670,1509291365000,30
209084978,57330154,슈퍼겔럭시니달리,3174,1509302150000,30
208484750,52133166,UcaL,1482,1509183129000,30
206560208,39050997,종학깅,3150,1509265963000,30
205005943,30891088,J푸른하늘,1665,1509272029000,30
3972036,4959450,DAN Ggoong,1649,1508993921000,30
207569128,44930590,길동이에유,25,1509176310000,30
204500813,28552004,TnTeddy,23,1509276094000,30
755064,1252821,GimGoon,3,1509185700000,30
206227817,36990696,아라가키 유이,1157,1508995306000,30
209394196,60141443,민나오하요,2094,1509124751000,30
5775781,8377903,VIP 민형,3006,1509266089000,30
7751954,10954237,XuanerDD,3006,1509254693000,30
209676025,63220273,샌 톡,3009,1509284855000,30
4299069,5268604,Boldness,3006,1509263760000,30
208904782,55422225,에메랄드사파이어,3152,1509273264000,30
206091414,35801706,bbq Tempt,3152,1509059187000,30
209225242,58280556,wanxiaowan,2094,1509273406000,30
203881305,25330528,MinKOOK2,1301,1508898164000,30
208876020,55670257,프로시켜줘요,3163,1509037396000,30
489826,1562737,720171017,3005,1509146247000,30
751494,1154367,AP Innovation,4,1509115397000,30
6127074,8865750,JAG SnowFlower,3006,1509273981000,30
4021996,5122177,Wilder,3009,1509280868000,30
5548984,7978352,점수어떻게올림,1644,1509271151000,30
206878233,41381113,Megalia,27,1509278378000,30
204879466,30470126,MeteorOvO,3015,1509182301000,30
201356568,17280234,백수 JJUN,1665,1509180956000,30
1110666,1640653,UaoDE0,24,1509238906000,30
754508,1252130,썸 데,3152,1509278670000,30
204544908,28920777,Destiny,1301,1509195290000,30
3872328,4963783,박투신,3006,1509060910000,30
204024521,26101623,초면인데친한척함,1089,1509258390000,30
208281721,51171091,Awe Bear,687,1509267036000,30
207496863,44330294,귤렐루야,27,1509278378000,30
794227,1401545,LinLan,3006,1509257826000,30
207677337,45570827,laets,3006,1509139375000,30
2525174,3263292,Afreeca Kramer,3006,1509269532000,30
205065873,30772836,Eth4n,7,1509248820000,30
2474930,3149868,단군의청춘부재,3006,1509262288000,30
1893908,2521310,작전동 노란머리,3006,1509131488000,30
206772826,40261890,RVS Force,1418,1509266879000,30
3212081,3979503,Lehends,1425,1509300153000,30
5609003,8201453,appearflawless,3006,1509066701000,30
207452196,44090985,Xavelin,1632,1509078639000,30
2461308,3238847,Axiyo,1114,1509010339000,30
1090491,1498982,Ruby Luv,3017,1509271577000,30
209300003,58990819,양갱뿌,3172,1509290132000,30
208460709,52240735,the way i go ,4,1508924022000,30
1890305,2481136,모든최선을다하자,7,1509275240000,30
200575439,12310972,미율치에오,3040,1509237268000,30
209376444,59880951,SnakeLight,909,1509253890000,30
208770200,54804802,ROX 라바,3009,1509080001000,30
202048648,19230450,CJE Veritas,3009,1509268106000,30
200933520,13931178,deft123456,20,1509009614000,30
206948172,41780873,멘탈약함올차단,1596,1509251484000,30
206772147,41120462,Algorism,3009,1509233969000,30
208022902,48980950,향로에서살아남기,3099,1509233170000,30
204517379,28742441,KDM Secret,1486,1509277462000,30
201232698,16910609,DWG BeryL,3018,1509268605000,30
207443723,43920725,호이시,3038,1509183093000,30
232934,1222794,Afreeca Kuro,3017,1508877639000,30
766203,1257110,열심히할게요오,3015,1508968330000,30
204917495,30430942,천점못찍는벌레,3006,1509011491000,30
203921694,25301734,진에어 꾸잔,3006,1509015420000,30
208102903,49650767,IndonesiaMassage,1589,1508926416000,30
3946176,4837752,아이센스PC방 1,1113,1509241549000,30
208752684,54660767,Fotune,1455,1509210460000,30
207617201,45370748,Rain1ng,1666,1509271151000,30
209197076,57910466,Bvoy,3008,1509268106000,30
203716469,26051481,승리 루트,1232,1509304221000,30
203769662,25170222,hr612,3163,1509278670000,30
202021894,18791995,CJE Racoon,3006,1509273264000,30
207100227,41913808,허수님,1167,1509233969000,30
2391217,3153049,ROX Mightybear,6,1509258966000,30
1367961,1870826,DOPELIFT,18,1509182301000,30
205937251,35190772,스누피808,25,1509256685000,30
209682432,63030472,1 2 3 Red Sun,3150,1509288068000,30
200584224,12640456,SSG Stitch,23,1509277872000,30
206183394,36621220,SKT T1 슼카이,3041,1509018946000,30
203780321,24910546,hg1018,1428,1509272087000,30
205613310,32922003,푸딩은푸딩해,982,1509277872000,30
6965193,10080249,뽀오뽀오,2095,1509251484000,30
202012925,30972044,깜빡졸음번쩍저승,1644,1509221920000,30
208561577,53191248,1997 04 01,1634,1509264866000,30
6898512,9902377,므라기2,1388,1509228212000,30
3604468,4558752,bbq Totoro,588,1509258249000,30
3706811,4673576,이드류,3006,1509098525000,30
203011568,22231139,PuncHh,1628,1509188109000,30
204613894,28862717,MVP ADD,3006,1509175854000,30
2373850,3131594,그러면안돼요짜샤,3008,1509270746000,30
208970131,56561937,he  nan    yu,3015,1509255894000,30
1198324,1647739,EEW LueD,746,1509154177000,30
207570975,45140675,Jin Air Teddy,23,1509270942000,30
200222990,11572402,LPL noob ad QAQ,1298,1508900471000,30
201254265,17140249,LaOde0,24,1509084305000,30
758274,1164825,우르프rider,3000,1509267160000,30
209298941,59030865,hr720,3163,1509272029000,30
200900269,13762462,빤쓰런 장인,6,1509263725000,30
209383643,59961075,잘좀하고싶다,3032,1509099978000,30
7166018,10240238,Son of Secret,1133,1509221920000,30
200621317,12910223,이 차가 식기전에,2094,1509298337000,30
205839418,34350935,WENJUNXI,3072,1509261398000,30
2881442,3649533,커피물조절장인,1445,1509267160000,30
1490224,2005338,풀 뜯는 미드,983,1509073596000,30
3863724,4843289,최석배 사생팬,3006,1509275321000,30
209274483,58860222, hf ghkyu,1670,1508973251000,30
205641227,33310849,땅우양,3020,1509254659000,30
7067991,10024775,I am ZIatan,3163,1509197627000,30
207447712,44091430,Bbrother,2074,1509260658000,30
200440551,11943987,By 불비,3006,1509273522000,30
207374406,43480287,Hushen Huya,1666,1509265161000,30
209176499,57451336,ROX Iava,2095,1509238968000,30
208533470,53250371,Gemst0ne,3152,1509262055000,30
203870735,25260179,GabrielCRO,3163,1509273981000,30
205550787,32600160,KronGG,3165,1509268371000,30
201517403,17596207,SKT T1 Effort,20,1509013798000,30
200543394,12132641,이기자 할수있다,881,1509010339000,30
209455808,60790393,zaqzxcazxcv,2094,1509156615000,30
205199428,37960539,So1o,1625,1509083192000,30
208481201,52260971,춘봉박,25,1509037396000,30
204293094,27691177,reMember Mistake,3006,1509080534000,30
690595,1099258,go beijing,1296,1509196386000,30
204556794,28951157,Afreeca M0wgli,1301,1509254659000,30
206487982,38532544,알파몽,1634,1508832714000,30
1956152,2466512,RehsAd,1407,1509276015000,30
202571162,20160399,spero spera 2,3150,1509248830000,30
669822,1180571,FeelsAwesomeMan,22,1509265279000,30
207936458,48390286,F1owArT,3010,1509298010000,30
202422138,19610794,MooJin,3006,1509303937000,30
6241698,9112012,bbq Crazy,982,1508975137000,30
6358198,9068184,멘탈과실력을겸비,3006,1508725386000,30
206321273,37951232,Tank KK,3006,1508999385000,30
201481153,17595057,KDM SSol,3006,1509250163000,30
1196206,1687546,쿠소만화 보따리,1458,1509268106000,30
1792873,2334890,홍 끼,1453,1508895806000,30
208752599,54670674,OnlyKOGADC,3163,1509281330000,30
205681158,33191903,시르삼,967,1509237017000,30
3147890,3954877,대왕초밥,782,1509292474000,30
6477601,9283960,샤크사장,3017,1509260864000,30
208863420,55410771,천많정하,1149,1509276094000,30
206501884,38710450,Ellim7,987,1509233170000,30
204708736,29382786,올라갈수있따,961,1509254039000,30
547086,3335692,Endless614,3006,1509254659000,30
5539348,7848225,그의고치,3150,1508982444000,30
286388,1380212,Rimu666,3163,1509283471000,30
1014505,2492673,정글안줌던집니다,3006,1509286892000,30
200823127,13634961,비타s,642,1509189310000,30
667202,1090731,DAN Fishball,1211,1509259201000,30
206361572,37900816,죽지마김치맨,7,1509281240000,30
205825868,34690137,김광협,933,1509282316000,30
2238783,2946932,MVP Max,740,1509250562000,30
206356154,38030558,Ys Bienna,1665,1509260439000,30
4356071,5620705,o0o0o0o00o0o,1666,1509255247000,30
201089576,14610282,등산혐오증,3006,1509277724000,30
208752837,54990820,supbest,3163,1509253087000,30
7530974,10725854,Possible tts,1665,1508811594000,30
205222962,31123182,zl존병준,3006,1509264611000,30
208351516,51950149,XinMo,10,1509265280000,30
6341504,9007397,k1mchi warrior,3006,1509276493000,30
208330816,51730382,IGS Doran,3175,1509303111000,30
203945832,25900779,JeeryC,23,1508995988000,30
204438563,28381183,흑형TM 대장,1390,1509303316000,30
6242276,9041980,지현이의빗자루,2087,1509303542000,30
208714024,56221322,쁘띠예리사랑해요,3006,1509280744000,30
723359,1132347,VTG FIFA,719,1509270319000,30
209544959,61280426,River fall,23,1509262127000,30
200093517,11355206,타카하시 샤코,3006,1509197990000,30
207821224,47110721,솔랭제발만들어줘,3006,1509069999000,30
201194907,16311065,MVP Beyond,1168,1509276719000,30
208463801,52092636,A Linjie,3006,1509264866000,30
204840551,30171275,ROX Cr0w,2074,1509194202000,30
200890830,13862454,정말잘하고싶어요,3008,1508521107000,30
7768066,11075052,나두끼긔,28,1508466137000,30
2977991,3815530,ATon,3006,1509199919000,30
1558866,2100716,Suzack,3006,1509287737000,30
206509061,38870618,ad only plz,1639,1509266585000,30
3871870,4823742,mnnmmnnmnnnnmmnn,3163,1509272622000,30
3008873,3845421,일반게임 혐오증,1579,1509304593000,30
205108432,30884102,카우걸 미스 포츈,23,1509278378000,30
209284296,58920359,9550,3163,1509298479000,30
200732074,13343032,파  뮬  러,3006,1509261939000,30
206154294,41170221,Hyunuu,3006,1509277621000,30
3457012,4531393,wadid,3007,1509225541000,30
208102536,49620761,whisper snow,3006,1509263164000,30
207814697,47010526,탑 그지같은 라인,3009,1509267959000,30
3380468,4371988,Psyki,3,1509286916000,30
1118491,1651289,나츠카린,539,1509303982000,30
1093855,1509321,싶다 승리,3006,1509078595000,30
200129667,11397422,언제든 달려갈게,2076,1509261141000,30
4883737,6992257,Mhaysa,507,1508977629000,30
208116699,50130702,l32et16,1665,1508983827000,30
2916863,3812140,Like tattoos,22,1508843369000,30
209642503,62360860,챌 희,3150,1509256683000,30
2930662,3871049,KlNG,3018,1509232938000,30
205330193,31921172,노력해야하는사람,4,1509088754000,30
208824513,55221430,써거덩,3163,1509250069000,30
209706330,63340221,sanspareil1,23,1509268330000,30
208287794,51470266,첸 신혜선 좋아,1594,1509302989000,30
209306576,59250284,인천부광고엠생임,3018,1509260439000,30
7420464,10670581,JingJing Yi,745,1509259936000,30
8024711,21894104,트와이스 원스,982,1509299369000,30
5104152,7272258,ProGamer민성,785,1509257315000,30
6100600,8854889,길 영,972,1509254734000,30
202773512,20892198,Koed OwO,3020,1509253087000,30
2300180,3021335,원딜은cs로말한다,1665,1509268803000,30
200077192,11474742,가양동 돌격대장,982,1509149895000,30
2220552,2915598,RRRR,3006,1509254521000,30
1077690,1448051,day 태갑,1670,1508819155000,30
207196668,42461466,sibasaki roka,3006,1509275781000,30
6832667,11736784,아오귀차나,3163,1509261939000,30
208757105,54970801,서 행,1388,1508881339000,30
207816021,47080539,세젤예 혜린,3021,1509256424000,30
3084313,3941091,PaldAl,3006,1509253949000,30
205923395,34990391,jjijiijijljli,3006,1509267160000,30
2905522,3791400,Raoss,3006,1509281494000,30
202620815,20450514,kfo,983,1509280744000,30
209254012,58620462,다으니펫,1665,1509204622000,30
208217614,53140760,zmyzzz,1665,1508911171000,30
4600659,5932989,새벽에는치킨이지,937,1509268542000,30
200227703,11680230,Jacen,3174,1509255972000,30
200025780,11451567,퓨 라,1455,1509110281000,30
6032297,8961998,밥을꼭꼭씹어먹자,1437,1509248639000,30
3022796,3845611,Dingchenyu,22,1509244952000,30
7146623,10139047,슬슬날아보자,3006,1509285386000,30
2560559,3316009,핑크탑,22,1509009419000,30
5523565,8017439,Cux DduDde,582,1509245686000,30
207726863,46130461,Excuse,3018,1509246771000,30
260848,1222470,자양동 빅 가스맨,3152,1509007774000,30
205320008,32010926,프로만나면트롤함,1374,1509120897000,30
1393713,1882877,LeonaMaestro,3006,1509280574000,30
1526872,1998440,점수셔틀,3150,1509272622000,30
3043790,3728893,발톱아픈연준,3163,1509260359000,30
207845270,47290668,pipidan,2090,1508904119000,30
209243581,58710167,동양공전정보통신,3163,1509292620000,30
6295379,9164572,미친 과학자 직스,3006,1509291996000,30
2037243,2801780,Youdang Kurisu,749,1509255467000,30
205290914,31442027,두 런,3038,1509278863000,30
204714803,29590185,Siste aeterno,3006,1509277462000,30
1410285,1990503,Back 1n Black,3,1508761128000,30
208554152,53131032,뭉렐리아,1426,1509252346000,30
8028752,21913653,신비자,3006,1509213422000,30
209758984,63960624,응와애,28,1509288298000,30
209283927,58910718,GSRDJ,23,1509273264000,30
208732190,54813482,PaladinXD,1594,1509184940000,30
209038842,56720293,A1Te,1665,1509280037000,30
209590661,62361061,보고배워친구들,2093,1509200734000,30
1388385,1872558,뿡뿡뿡뿡뿡쁑,3015,1509270746000,30
2383170,3122377,sb top,3018,1509303111000,30
203323473,22936321,다요뜨,1301,1509295525000,30
4818546,6704587,바람의 늑대,3163,1509092455000,30
1361455,1730107, Tong bb,12,1508901466000,30
200248096,11841135,지아소,576,1509022240000,30
5258842,7791613,사스갓지지,7,1509252814000,30
209334030,59640548,Empmuyi,1667,1508908287000,30
202676388,20592144,Coin Flip Jg,1629,1509303982000,30
209133198,57321585,2001 O7 01,3038,1509270746000,30
5801700,8359561,네품으로인섹킥,3006,1509225554000,30
201545672,17707387,하당중,3064,1509235828000,30
206720203,40300185,8bei  98k ,1114,1509136707000,30
6111873,8815080,Fitsme,713,1509079901000,30
207447705,44120979,16학번이은하,3006,1509056517000,30
205285329,31551938,정상에 선 자,6,1509244942000,30
206482032,38442463,You so noob,1296,1509245262000,30
1498782,1946100,혜민팡,1630,1509199996000,30
209213517,58250162,아이디팜친추주셈,3008,1509167935000,30
288521,1259206,FindMyse1f,1666,1508830626000,30
1912209,2493015,ablela,7,1509094441000,30
207078123,42223084,twice손채영,3006,1509262619000,30
1259602,9762863,닷지장인 심포갓,2098,1508966913000,30
7068456,10124792,Is IRON,3006,1509268969000,30
205956578,35361366,둘리 호잇이,1386,1509203257000,30
3359926,4260918,DeuL2,7,1509174997000,30
3531497,4444994,슬럼프를극복하자,1463,1509098622000,30
209440423,60371273,Rousal,3006,1509254164000,30
6709466,9601733,멍청해여,683,1509304119000,30
209429976,60520189,재미없는게재밌네,3164,1509250562000,30
202471504,19472569,Nearly,3006,1509303218000,30
200362664,11847335,18501159717,3013,1509275321000,30
2844191,3666484,CrazySound,7,1509266752000,30
208971849,56131290,뚱이 서폿,1388,1509260864000,30
5271726,7671924,우주7,1637,1508979987000,30
208739111,54933712,김교민,7,1509280496000,30
208119600,49970686,luckybuff,3015,1508919000000,30
208909131,55880274,갬 성,3006,1509203203000,30
208315465,51341145,I love YuE,3018,1509269405000,30
207350806,47850562,태국그자체,1301,1509285386000,30
208530143,53190232,YOYOuuuuuO,0,1508582354000,30
207694555,45801492,어느 햇살 좋은날,3041,1509244499000,30
209833125,64420725,와 뭐하지,3163,1509303111000,30
1827465,2426765,완전카일,1661,1509108824000,30
207778200,46580393,UnIimit,3006,1508984516000,30
200295174,11843636,원딜러 성준,585,1509278468000,30
2942827,3773518,닷 유,3008,1509274933000,30
209640696,62500783,가을이 오는 날,1590,1509255101000,30
2387817,3232737,DNF lu ke c,1665,1509274339000,30
7919857,11274149,Toby Grimditch,3150,1509267233000,30
207288481,43160291,저는정치를잘해요,3006,1509224905000,30
5205932,7550251,외쳐주유소갓라카,1625,1509266192000,30
203070745,22591520,제주도 에이스,3020,1509290247000,30
209238536,58260945,ZuodingAAAAAA,3018,1509235704000,30
208751276,54864166,Tw1ch,1114,1509257448000,30
3139403,3894533,gnoL oaiX,25,1508913608000,30
208144198,50320192,이야공,1625,1509274306000,30
209517954,61110668,A false oath,4,1509264681000,30
8027026,22033662,1998 04 09,654,1509289702000,30
7851123,11079902,LeonaMaster,965,1509283044000,30
3610838,5354745,않 이,3019,1509266585000,30
251448,1533024,긍정적인미드,1642,1509174088000,30
1297194,1725011,DiLiReBa fans,1436,1509001776000,30
209742911,63660168,NL WONDERBOY,3163,1509281939000,30
200880403,13731393,이성조,1625,1509262393000,30
207427259,44110189,북경대동경대서경,1301,1509246489000,30
903286,1417832,WOOAK,3006,1509280267000,30
206451780,38451538,Mid123,1594,1509279413000,30
7923979,11274541,여최미,546,1509303982000,30
2651991,3492450,멍청이똥자루,3006,1509184576000,30
1069361,1457469,미이미익,1413,1509299225000,30
206452044,38471569,귤수호자 만기,27,1509276130000,30
205908603,34711309,무 헌,22,1509272622000,30
207984405,48540416,BKKK,7,1509245581000,30
209340965,59750599,ApexOx,1626,1509272622000,30
208185575,50820240,원전하다 아,2089,1509276094000,30
3398806,6001562,와치만나면트롤,1665,1509133151000,30
903997,1305526,이별은 길다,1429,1509227623000,30
1503672,2006507,Nagne123,23,1509285759000,30
207498025,44400323,Skype,3152,1509246059000,30
209653555,62331250,세메론,23,1509281494000,30
4315978,5189510,돌잔치때도란잡음,775,1509273176000,30
201077940,14380763,ZhanQiHuaYm,3010,1508941856000,30
205176564,31171991,빵재애오,7,1509262055000,30
204472714,28751096,ART PLUS,1301,1509242376000,30
208627392,54840152,mind training,23,1509277897000,30
209296297,59050724,고마운줄 모르고,7,1509106125000,30
209153225,57570595,릴리스타나,502,1509216053000,30
2099284,2706560,검은머리사나이,682,1509127318000,30
6985891,10061312,Yu bao QvQ,22,1508975765000,30
4132233,5331051,A weak youth,661,1508971352000,30
207771371,46680159,퍼플팀 공그,23,1509194899000,30
209126930,57191340,해머쇼크,3006,1508908109000,30
2188512,2922920,BFiaSP,3009,1509253640000,30
209382558,60131102,에어맨,23,1509246066000,30
208178129,50471029,나는 안 그래,3024,1509073572000,30
207695184,45631469,콩나물국밥주세여,2076,1509268831000,30
209161524,57730822,AD 라이너,1630,1509276828000,30
204245747,27061092,이도류,9,1509277462000,30
203744805,24730697,악마검,1664,1509250214000,30
209270745,58910551,Change myse1f,25,1509254693000,30
3671386,4652561,류석대,539,1509269567000,30
207880663,47960141,나 신낫어,3006,1508836535000,30
204647675,29190975,MAKJANG,1160,1509254857000,30
201463461,17674595,ben xiao hai ,1630,1509270881000,30
209078773,56921556,5분만 더잘래요,3006,1509258893000,30
203740941,24640640,연애하면예뻐진다,1455,1509276024000,30
2191558,2843491,느그엄마찾아줄까,1301,1509134704000,30
6162653,8968235,PXB1,2093,1509055572000,30
200072663,11374208,상추야아,782,1509270746000,30
208099442,49630570,GALA,1114,1508983728000,30
207788664,46690797,잎새달 열이틀,3018,1509220448000,30
3141212,3964487,센센 사랑해,2095,1509159017000,30
7844860,11300382,하늘별자리,28,1509070621000,30
5365690,7735748,호잇이,3038,1509266156000,30
5909338,8771727,미드를 가도 될까,3163,1509274181000,30
203739990,24840579,찬탈자 정민석,1099,1509240790000,30
201561515,17547988,어두운결과,1211,1509237695000,30
4993374,7016597,Abyss  JiHun,3006,1508828940000,30
201480394,17574803,찹 또,3006,1509266967000,30
201335060,17213723,흑형TM XD,3020,1509272302000,30
2646598,3412304,DWG TRY,2095,1509280574000,30
6293499,9054348,FGO,3010,1509132438000,30
5443604,7913278,Gon123,1208,1509183853000,30
1125093,1621881,퓨 Zl,3006,1509264130000,30
205624948,33260313,Do LaoN,3040,1509268956000,30
207380830,43450526,P 0 C A R l,1410,1509189480000,30
200945706,14041867,동덕초3학년2반,666,1509280037000,30
2147401,2840641, Zune Bay,1637,1509260242000,30
1200533,1667978,우주제일미소녀,3006,1509091822000,30
998057,1552439,wo xiang ying a ,536,1509269533000,30
202458842,19652079,하영이꼬봉,23,1509142588000,30
2803913,4904093,성 군,3006,1509263976000,30
209299869,58850925,cbzOvO,7,1509261791000,30
209410877,60430362,Wzb1,1664,1508464862000,30
209691814,63270758,PUBGKING,4,1509278863000,30
1988033,2528997,혜나가제일좋아,3006,1509063515000,30
1025353,1508361,Jun,682,1509150676000,30
207492837,46810705,말랑몰캉말캉,1625,1509229798000,30
3303053,4211147,사람이길포기함,22,1509303982000,30
239695,1130167,Sim Student,3006,1509303982000,30
209647555,62521105,강림의악마,3024,1509291944000,30
205884265,34580624,MaRin 2,1633,1509252086000,30
3330684,4212766,상어가족,23,1509275877000,30
2445397,3177417,당 신,3008,1509269721000,30
206004830,35561559,I saw an angel,3018,1509268391000,30
1557627,2063557,Xero,1160,1509292049000,30
207424695,43890126,린푸린,3006,1509183328000,30
2684906,3425381,Kuro유키,1232,1509262144000,30
1010125,1443179,전설의jvq,9,1509260197000,30
3370212,4281453,Jisu,3006,1509261905000,30
204132693,26372166,탐험단장,11,1509270225000,30
206365608,38060843,우주대마왕1022,983,1509250054000,30
1523033,2038028,YekDoolb,3008,1509187720000,30
202093245,19500241,엄청강한 올빼미,3006,1509191932000,30
205146069,31350936,Nantatata,4,1509303982000,30
208357607,51781159,327099,4,1509263591000,30
6174458,8968456,AsGod,3006,1509266879000,30
206021210,35271925,ChinoCocoa,6,1508965969000,30
205307105,32070543,박초봉,1625,1508954256000,30
2040818,2721973,iinori,3150,1508931087000,30
206353515,38120473,spark01,1665,1509173998000,30
206132507,36210919,너와나의연결G0RI,1407,1508878466000,30
7894453,11142704,Avicii fans,3006,1509242201000,30
204058482,26152621,프야쨩,3006,1509269445000,30
4174670,5233457,참자성준아,970,1509268755000,30
201307130,17102446,PilchaI,3006,1509304354000,30
478337,1252183,야 멸,1670,1509231686000,30
3153525,4033066,저녁인사는곰방와,933,1509187273000,30
2178051,2931911,pi9,738,1509242376000,30
6994134,10012181,바이온사마,603,1509233390000,30
4170045,5273226,CJE Pur2,22,1509087442000,30
6206122,9040234,31 20 69,3006,1509272930000,30
209420348,60450656,고양이가어흥흥,1484,1509244541000,30
200402309,11942372,Center Pole,718,1509259120000,30
209076886,56721478,Mani eh MwH,23,1509303982000,30
208631140,54960538,walking300 fan,2074,1509289702000,30
207013602,41981013,루시퍼메이데이,21,1509263165000,30
207494414,44300217,왕초밥,1114,1509276984000,30
209726862,63221890,정명고오오오오오,3018,1509303111000,30
6905446,9882091,스눈이,3008,1509193229000,30
4430283,5734285,ecitsuJ uhzgnoL,552,1509259342000,30
208757003,54980713,왜요뭐요거북이요,1484,1509183598000,30
5360814,7816175,엔도르시 자하드,3024,1509301378000,30
7573471,10588696,꾸로 턱 불꽃,3008,1509242708000,30
1017546,1513898,여름 조앗,1301,1508812759000,30
2995942,3844089,YSGYGGS,22,1509267160000,30
206850039,41060133,Khalis,7,1509227811000,30
7834693,11099210,Keyara,3040,1509266258000,30
208392478,52090253,BingoKotori,1432,1508631214000,30
207845611,47730173,hard girl,1467,1508982499000,30
209210108,57880817,A BBD bbd,22,1509262630000,30
204522812,28870203,죽지마얘들아,3006,1509286054000,30
208971958,56031246,철이컴퍼니,3150,1509270881000,30
207601553,45390454,넌아무것도몰라,3008,1508954589000,30
1253577,1761453,MannerMakethMom,23,1509303398000,30
209449434,60671174,zhang jian xiang,3006,1509262745000,30
207692942,45631381,Arnica,3163,1509302465000,30
201560737,17717945,범박고 김태기,6,1509266258000,30
200493315,11936903,h1rb,3163,1509254826000,30
207242594,42780432,Cute Crow,1109,1509262363000,30
207411747,43481446,Pd Alz,1590,1508746216000,30
209603222,62300168,ililililiiiilili,1548,1509266156000,30
209742732,63680172,NEVEROPENNEVERGG,3148,1509264122000,30
5468590,7953939,치 열,1101,1509270205000,30
206322051,37750750,섹시스윙스,27,1509263454000,30
201257524,17030390,Captainfly,3006,1508838421000,30
3804305,4921138,UNQ 1,3163,1509270038000,30
209529621,61120821,날 괘롭휘지마,1628,1509286046000,30
208458770,52042347,악시 뒷바라지,3006,1509294842000,30
207120864,42084354,뽀허니,3006,1509270746000,30
7217560,10380424,새우사주새우,1626,1509192643000,30
207251094,42990716,오함마드알리,3006,1509234884000,30
8053322,21864810,jinwandalaohu,7,1509302025000,30
5219157,7621575,1 Peak,3163,1509208218000,30
6820067,9718722,1312223,3163,1509256585000,30
327188,1414195,어석희,3006,1509136795000,30
3156823,3915465,종탁이,2095,1508969379000,30
208463283,52072472,마레말해뭘말해,3018,1509241363000,30
203135017,22940823,M1까지 서폿,3163,1509243582000,30
8036298,21874201,좋은꿈꾸고싶어요,3152,1509291155000,30
6507165,9254674,보노오턴,3009,1509242628000,30
209603221,62300167,더 잘할수있다,3175,1508988763000,30
209055347,56940791,이치방츠요이야츠,3150,1509284892000,30
208866830,55370930,해운대잠만보,3152,1509277872000,30
4764369,6841819,Destined,907,1509148962000,30
209290576,58900548,부 권,3006,1509302670000,30
209333398,59920240,CatRats,1665,1509250214000,30
206422736,38370928,그럴수있어요괜찮,3009,1509274933000,30
207872586,47810430,지이영,3010,1509168902000,30
209725846,63121960,쏘 은,3018,1509300448000,30
200694022,13330988,Awe BarOh,3006,1509267763000,30
201715828,17876268,Republic123,8,1509288711000,30
201065491,14140799,Fal1 Soulights,1665,1509173503000,30
204655734,29341237,Lucete,2074,1509287836000,30
1810562,2405432,CJ Entus GAP,1151,1509300451000,30
204108146,26511451,Abyss whitehorse,936,1509258090000,30
3534782,5782801,Bonavely,3006,1509109788000,30
201461099,17543970,yezhaoliangleye,713,1508975837000,30
209157881,58640353,Str1ng,3150,1509259441000,30
209475882,60780961,갱가는데순서없음,3018,1509260523000,30
929620,1397152,By myself,904,1509303982000,30
206231128,36930722,아추워추어탕,3006,1509264676000,30
200901221,13802496,keinwort,1439,1509276719000,30
202606482,20500168,Hyeon Jun Lee,936,1509277761000,30
209608760,62090638,Grue,3150,1509283044000,30
208752914,54970773,Mse corgi,4,1509001984000,30
207715025,45652117,Rueger7,3041,1509269445000,30
205430259,32034308,Xcar1et,1628,1509239834000,30
204672058,29341663,JAG UmTi,693,1509189566000,30
201463400,17574071,2000 12 30,23,1509265749000,30
2118239,2728066,yigejiqiplayer,18,1509062409000,30
2732767,3469069,짱귀요미직스,718,1509282640000,30
5951658,8694190,동휘야,1439,1509266879000,30
208756598,54670704,등 따신 개구리,2094,1508887138000,30
202937281,21851695,똥좀싸겟다,3006,1508219332000,30
207452877,44061008,가구공장,1388,1509289963000,30
7024597,10134453,WaterDances J,1433,1509263009000,30
209054174,56990787,MVP Motive,3018,1509269567000,30
4004203,5090851,Vacation Life,3033,1509268391000,30
207433101,43970427,카 스,3022,1509231192000,30
209570671,61860276,iililiillilliil,3006,1509304846000,30
204764414,29571741,잎프맛,1637,1509280764000,30
206862637,41110521,한대부고 성재현,28,1509257423000,30
5788087,8308042,야 쟤 미쳤나 봐,3150,1509297833000,30
2666724,3416727,세이미ToT,3022,1509289835000,30
209433363,60221515,Cpangpang,7,1509179661000,30
880562,1323757,의 주,3006,1509249273000,30
731345,1106088,lmjwedding6,1395,1509277520000,30
5824372,8550920,Lorde,3150,1509263315000,30
6780776,9746171,우셩셩,1439,1509260377000,30
7850231,11049801,반쩌리,1670,1509269951000,30
2378633,3222049,감정이풍부한사람,542,1508802082000,30
3521595,4464250,형 지나간다,3006,1509243079000,30
1710591,2271379,Scarlet Fox,3006,1509182846000,30
4436075,5654600,Gbin,1212,1509157416000,30
3101966,3922123,l3 Marge,507,1508986771000,30
209229835,59070567,Mykeb10,0,1509011782000,30
2246114,2867780,GReenshower,576,1509172873000,30
5827160,8400105,asdlkjnlkas,1301,1509273176000,30
201340433,17133784,RRRulyyy,3006,1509185048000,30
2807164,3633510,1427538696835724,1377,1509250562000,30
207493167,44280169,난Max,3006,1509257943000,30
1816861,2395962,유내현,0,1509286046000,30
208279320,51011028,우리가인연이라면,1596,1509253890000,30
204802627,30010179,8강따리미드,1419,1508667128000,30
209197502,57960470,천천히올라감,3006,1509277462000,30
207155639,42175515,응애응애우는사람,3008,1509022441000,30
2735812,3489386,묵묵히게임만한다,3006,1509088685000,30
204531622,28870358,심심풀이 남신,1584,1508797667000,30
930698,1422872,doid,3006,1509145791000,30
209334636,59590636,정글줘캐리할겡,3172,1509262745000,30
1302978,1765372,쿠티비 vs 스베누,3006,1509263839000,30
201320486,17082960,프로할꺼다123,577,1509267100000,30
2654706,3442980,RPG Dara,1665,1509267826000,30
208162181,50390691,양충하,25,1509072100000,30
207653439,45312094,개지무,1647,1509256260000,30
2373709,3181583,엔페시아,3019,1509267122000,30
4307493,5219091,춍 하 ,3008,1509256042000,30
201711371,17856116,돈많이벌자주녀가,23,1509277621000,30
7579092,10609150,명뭉아,3152,1509268548000,30
7158870,10260512,포로 서폿,3163,1509243263000,30
3095385,3921948,꼬맹이전쟁,1434,1509260165000,30
4006088,5001248,욕설왕 퍼킹,3006,1509016659000,30
201895625,18451556,해강고 원딜,1113,1509304992000,30
200539060,12242707,볼 살,3006,1509285386000,30
5733995,8245498,허를 찌르는 갱킹,3006,1509157118000,30
1824284,2347143,훙고로케,983,1509272087000,30
209012031,56421884,Eriol,3018,1509181464000,30
205213320,31352881,Mengqiuqiu,1439,1508732741000,30
206431508,38450869,P1ut0,3163,1509261905000,30
200659835,13021308,노 빅,1418,1509262328000,30
4495828,5717404,미남 서폿터,1410,1509277868000,30
2355618,3220141,으잉7,3152,1509231547000,30
209192190,57810272,Mulkeongs,3006,1509259300000,30
6554107,9347032,태희누낭,1458,1508919940000,30
202047579,26212605,Find Realey,715,1509092552000,30
7555939,10637741,LANSSER ZERO,928,1509268554000,30
4939473,6954063,번역하지 마라,3017,1509268106000,30
209217739,58220393,허를 찌르는 킬각,3006,1509247408000,30
206180514,36661134,Jisu XD,3041,1509304007000,30
5996803,8890410,AD Talon Carry,3006,1509303158000,30
3414924,4403914,어디서 온,3006,1509251609000,30
205043205,30832235,티버랑애Ll,7,1509179084000,30
208306070,51480838,카쿠누미,1386,1509264676000,30
208436226,52081621,초밥에맥주한잔,0,1509263853000,30
202575872,20330532,SKT T1 뿡만두,3009,1509260752000,30
6286773,9093672,액션이,1625,1509241056000,30
3632481,4630469,강희엄마반찬안해,3040,1509269386000,30
201599124,17881137,Iing Iing,3019,1509281240000,30
7859270,11151197,IgNar,22,1509268605000,30
208660746,54811204,IGS Nuguri,1666,1509270205000,30
201364900,17400456,스무살 강희,3006,1509279900000,30
205480506,32075678,Here we go,3150,1509254378000,30
200050008,11312877,Zhou kai,3163,1509292474000,30
203735788,24690438,농부1,1301,1509299369000,30
3752918,4675528,sup xiangdazhiye,7,1509259005000,30
2136898,2759646,승 로,1665,1509303982000,30
5046059,7160212,잘해주지못해,3040,1509268273000,30
206101124,36060228,Greenday,871,1509304904000,30
208917246,55860557,슬픈 눈,1485,1509258451000,30
1783885,2434054,Saal,3006,1509073802000,30
204326691,27991405,수빈이만봄,3006,1509304119000,30
203359828,23660983,인정쓰,1625,1509079172000,30
202567851,23542834,우로할,3020,1509264514000,30
209306798,59870943,TK biubiu,3006,1509067869000,30
206051565,35950366,실 력,1625,1509190081000,30
6655923,9680209,나를 모르길 바래,1635,1509199446000,30
208627998,54910179,비철단도,932,1509055114000,30
209106299,57130781,9731248650905247,3006,1509079679000,30
208168133,50830223,mianma,3006,1508799604000,30
1073266,1447722,16supz,1385,1508916223000,30
1755389,2401825,ebuC,26,1509272622000,30
7607727,10749868,Wiz ICE,897,1509259470000,30
4595860,5892855,오빠먼저샤워할게,718,1509273225000,30
3946530,4887772,코태는,3006,1509305040000,30
203516817,23515825,한쿡말몰라,25,1508993674000,30
3254107,4071463,K 듀란트,3006,1509121423000,30
206731480,40330567,zuizuizuizuizui,8,1509218045000,30
205751852,33461854,1ovestruck,2072,1508644495000,30
4255460,5186173,Ermion로커,28,1509079612000,30
4586738,5802440,Rinye,3150,1509280868000,30
7699221,11061747,잘해줘서고마워,3163,1509239710000,30
208914823,56010155,KT화이팅,1479,1509260562000,30
5952911,8754245,댕청잇,3152,1509257322000,30
208057420,49480594,팬 따,13,1509270881000,30
208777210,55011052,I CanT Die,1665,1508827131000,30
204673167,29341691,IGS Dasher,1590,1509232368000,30
206521473,38941060,변춘수,1625,1509086063000,30
203024162,22571215,wojuede OK,750,1508840933000,30
209497888,60671604,BBD,3163,1509233170000,30
209132696,57680332,베이징,3006,1508975837000,30
208325070,51600124,야스오너무좋아,3006,1509265938000,30
208163075,50330601,Jin Air Euna,1045,1509260242000,30
443084,1093656,Tone Deaf,538,1509295625000,30
1649273,2190492,neuroticism,532,1509283044000,30
207572080,45170701,뭐이리불만이많아,1085,1509263591000,30
3886348,4934416,세나의복수다탕탕,3006,1509070621000,30
202640936,20411274,댈지어다,3015,1508998002000,30
209165499,57720996,던져서죄송합니다,978,1509302150000,30
2169212,2921333,화가난빵돌이,3006,1509253728000,30
204196076,26691029,사 용 수,3163,1509280078000,30
201133405,16140220,Kingen,3006,1509266156000,30
5757078,8356967,이상호저격계정,1458,1509292917000,30
2740138,3681888,cutexx,774,1508841983000,30
6502161,9305288,홍삼괴물,7,1509082232000,30
209090976,57210260,111111111111110,3006,1509257353000,30
208120798,50080859,Hide On Sh1t,2077,1509148281000,30
1243363,1730843,수입뿌드,1625,1509292620000,30
206567888,39071187,너네랑대화안함,25,1509270938000,30
5845781,8471153,Creative Self,7,1509274557000,30
204459286,28630732,weuijetqwgbwefoq,3006,1508818510000,30
200107827,11386145,H2K J00N,3006,1509179100000,30
206098467,35781732,숲속거인,3006,1509276305000,30
204855879,30221775,SKT Tl Untara,3006,1508759324000,30
205964102,42600887,Svvord,3040,1509283920000,30
7208941,10261605,멍하다,1387,1509188429000,30
206100474,36150140,Detiny,1114,1509215381000,30
2139315,2759691,너와나의연결Gori,1389,1509281494000,30
207922335,55060589,RVS Gori,3006,1509255972000,30
7419934,12172266,Alex1a,3009,1509294739000,30
4585020,5892222,갱꼬삼실화냐,3006,1509269433000,30
2140699,2749828,Jin Air raise,3013,1509304992000,30
207769672,46311009,아트가 앗뜨거,1640,1509304992000,30
208538232,53091092,Meow OuO,682,1509267402000,30
201200763,16380488,오크족대표,3015,1509260242000,30
204079990,26500547,C2eam,3006,1509285478000,30
208811635,55081016,티깨비,787,1509282196000,30
5592043,8120770,칼날부리 친구들,682,1509268273000,30
1632810,2116208,Felda,3006,1509258653000,30
203813652,25121454,야스오꼴픽박는다,3163,1509256258000,30
209603052,62280147,Devastating,3072,1508829035000,30
209692576,63140816,Savage,4,1509252800000,30
208648862,54792651,이상호,3005,1509303411000,30
5122925,7403394,xiang jian ni,23,1509278213000,30
1499725,2026097,NewGlue,3006,1509093958000,30
2941842,3851723,그리워 지친 날,7,1509022120000,30
488193,1221679,Douglas Killer,1229,1509302583000,30
204710032,29482811,010723,3163,1509252800000,30
209748974,63730285,이석희 이색희,3152,1508883187000,30
2089570,2716219,머리쿵헤쪄,3018,1509272087000,30
5067916,7201519,BJ토마,22,1509292049000,30
209531641,61240928,Longzhu Crash,1114,1509270889000,30
208752740,54980691,Hanabii,3064,1509146707000,30
202440221,19421492,멘탈잡자으쌰으쌰,1410,1509270942000,30
207440298,43920600,Tae nooh,3009,1509265285000,30
206305916,37610260,kinopioyo1z,3150,1509256683000,30
719353,1113257,땅콩엿,3017,1509247841000,30
5797364,8239255,solo rank k,1670,1509305040000,30
200515659,12241219,hyc46,1162,1509271165000,30
201113417,15760392,비운의 미드 유저,1636,1509258174000,30
204149210,26562566,gragas zz,3008,1509080753000,30
206439395,38521152,Haemam,3006,1509260864000,30
209761295,63930170,iotjeun01,4,1509269405000,30
3494294,4542720,JustLikeThat,3017,1509276493000,30
5897987,8621508,IllIlIllIll,1665,1509268969000,30
202561023,19615477,Seroum,641,1509281494000,30
208803177,55170797,Shivaree,1457,1509254693000,30
5872641,8642728,BI BICK,3006,1509179100000,30
824870,1650519,Mocha1,1476,1509271606000,30
238155,1095340,zx다크블레이드xz,2087,1508996888000,30
206280171,37330462,율천고 펀치라인,4,1509292474000,30
548226,1113675,멜로디4,606,1509156615000,30
436251,1715003,S H MA,7,1509243263000,30
7007312,10042590,You are 300 cash,537,1509181220000,30
206869329,40940806,NSG Young,3006,1509284445000,30
200616442,12572280,챌찍고배그,719,1508812136000,30
205942124,35010825,JJJgplZZZ,26,1509277872000,30
208489143,53150257,항 티모띠,1435,1509266025000,30
201892460,18351466,dpvhzm,3006,1509273280000,30
5657517,8271480,light11111,1665,1509266156000,30
6542649,9247770,꾸후루후루루,548,1509136602000,30
201779570,21200124,CJE Soul,1301,1509094959000,30
208162609,50270654,Flaycid,1225,1508986967000,30
209624643,62400271,krasasasasasasa,3020,1509258091000,30
207718146,46190126,dusanddl,3152,1509255349000,30
1638311,2156510,VeryBitter,1666,1509273522000,30
208826454,55061581,퍼플팀 에아에아,8,1509241253000,30
916583,1296600,Papoillon,3163,1509176544000,30
200521469,12201469,만덕아,3009,1509252013000,30
207998683,55272069,미드노스펠갱와,2099,1509230092000,30
3325510,4134517,WeiLing,3152,1509273176000,30
1409848,1940491,D AND AN DAN,546,1509270938000,30
205167316,31301623,나라카일,1421,1509187720000,30
207501719,44320436,킹갓엠페러무진,16,1509233823000,30
4876431,6881506,yz0726,3163,1509273522000,30
4699649,6112582,Peecaboo,7,1509178111000,30
5597834,8361277,Cheers,3006,1509238567000,30
6766338,9675098,김치무말랭이,3163,1509152075000,30
208746217,54904131,m1nit,3006,1509284445000,30
5827555,8530195,엣토니,12,1509256411000,30
6316690,9025807,끝까지열심히함,3008,1509275321000,30
885428,1344293,Ummeeee,3014,1509172568000,30
205557447,32860310,Anthor,965,1509262621000,30
207596965,45061579,고양이못함,3025,1509304992000,30
208057398,49200617,Shillan,3006,1509065675000,30
201582404,17840534,소년은 이제 없다,3150,1509277872000,30
203164826,22971662,MEEEEEEEEE,3163,1509268969000,30
207990919,48570621,jh414,28,1509270881000,30
202583967,20200762,Second Chance,3006,1509266752000,30
758197,1175092,S2정글초보S2,567,1509302150000,30
204725181,29760511,Ums4,1442,1509257808000,30
1027665,1434432,박진성,515,1509191823000,30
206097095,35781726,비트는기리보이,3163,1509181594000,30
205878819,34790499,다시 올라서다,3163,1509208121000,30
201539889,17657097,군인하고싶어요,1157,1509094514000,30
200500389,12230581,탈무드인간 ,22,1509263165000,30
204668812,29301571,응암동불주먹,3006,1509263591000,30
2701749,3486582,감자갓,7,1509272895000,30
4080219,9344052,핑크색사과,2095,1509081959000,30
3668847,5186475,Jisu2,3078,1509275542000,30
380092,1532936,아재3,1151,1509277376000,30
205446910,32094586,sen Haksal,1664,1509271971000,30
6274737,9143363,강남1번원딜,983,1509247302000,30
1543417,2029599,XuanXuanPi,3163,1509273176000,30
7256651,10393044,시공 여행자,3015,1508979987000,30
206559116,39180949,섹지드,965,1509271528000,30
