freshBlood,hotStreak,inactive,leaguePoints,losses,playerOrTeamId,playerOrTeamName,rank,veteran,wins,accountId,id
False,False,False,1078,227,56930667,Tar2an,I,True,346,209050712,56930667
False,False,False,430,1349,40210719,F0y,I,True,1395,206737570,40210719
False,False,False,506,465,56200652,김메피,I,False,556,208954564,56200652
False,False,False,693,170,1091187,KT MATA,I,False,241,665129,1091187
False,True,False,534,869,12600476,프제짱,I,False,926,200578193,12600476
True,True,False,368,54,54692988,2000 07 22,I,False,140,208710504,54692988
False,False,False,441,812,33570902,7 5,I,True,863,205721952,33570902
False,False,False,418,565,5283326,마이엠브,I,True,629,4172890,5283326
False,False,False,465,433,13965344,6학년4반장용준,I,True,496,201009223,13965344
False,False,False,404,542,9722804,arastol,I,False,610,6728662,9722804
False,False,False,401,374,2031907,아테나찡,I,False,439,1437517,2031907
False,False,False,475,850,5145847,미 키,I,True,915,4094465,5145847
True,False,False,373,1220,22441180,구 탄단,I,False,1249,203024256,22441180
False,False,False,699,203,2187036,KDM Roach,I,True,271,1646013,2187036
True,True,False,502,505,17577936,find myself,I,False,648,201556024,17577936
False,False,False,515,640,47820563,Kerla,I,False,703,207874718,47820563
False,True,False,677,337,23755659,기회는지금뿐야,I,True,408,203509833,23755659
False,False,False,803,762,3458580,쪼렙이다말로하자,I,True,842,2725181,3458580
True,True,False,382,233,34260312,L1sure,I,False,288,205817334,34260312
False,False,False,488,580,2577586,요플래,I,False,636,1805320,2577586
False,False,False,442,333,50401099,힘들 했,I,False,400,208177961,50401099
False,True,False,668,518,58620897,KT SSUN,I,True,611,209270513,58620897
False,False,False,513,813,7867667,우철짱123,I,False,874,5524615,7867667
True,True,False,392,336,53210668,APK Nova,I,False,418,208543788,53210668
False,False,False,606,323,12103321,Please find it,I,False,400,200555547,12103321
False,False,False,1083,586,5290661,SKT T1 Untara,I,True,670,4122399,5290661
False,False,False,658,594,51060360,qmsmdkxjch,I,True,660,208259196,51060360
False,False,False,492,516,37710890,많이 보고 싶어요,I,False,580,206325287,37710890
False,False,False,541,808,34710713,ROX Se0ngHwan,I,False,883,205888262,34710713
False,False,False,685,474,1206547,브리즈번,I,True,559,779882,1206547
False,False,False,495,432,1180166,좋은날,I,False,479,377501,1180166
False,False,False,657,537,11351772,나유준,I,False,609,200030188,11351772
True,True,False,428,707,11373319,Fabu,I,False,764,200059718,11373319
False,True,False,524,572,3323260,아프다고말하면,I,True,631,2024821,3323260
False,False,False,886,983,3695029,real gankster,I,True,1069,266599,3695029
True,False,False,392,892,30550903,ROX Lindarang,I,False,946,204912588,30550903
False,False,False,508,729,26592645,WannaBe HighDin,I,False,785,204152129,26592645
False,False,False,640,1492,26022557,진쟤승,I,True,1560,204062750,26022557
False,True,False,449,305,37650160,wo yao qu daye,I,False,365,206298836,37650160
False,False,False,560,417,25330313,BtC Joker,I,False,513,203874706,25330313
True,False,False,405,128,23913258,커소리어스나,I,False,191,203649218,23913258
False,False,False,958,533,49400639,YM  zhongdan,I,True,614,208056637,49400639
False,False,False,624,211,2337101,kb227,I,True,284,1830884,2337101
False,False,False,489,257,12022069,HanGuo Xiao Daye,I,False,315,200381865,12022069
False,False,False,787,539,31700901,MVP Ian,I,True,616,205248873,31700901
False,False,False,1077,1030,36250290,K T,I,True,1131,206107682,36250290
False,False,False,395,1210,4572590,Alun,I,False,1254,3489417,4572590
True,True,False,404,608,11108018,Sakura Devil,I,False,689,7803418,11108018
False,True,False,630,470,1296022,GuGer,I,False,535,909429,1296022
True,True,False,384,1184,2476861,콩복치,I,False,1243,1960910,2476861
True,False,False,438,713,5151686,CJE Candy,I,False,762,4020503,5151686
False,False,False,427,330,51651113,귀여운안지영,I,False,411,207987339,51651113
False,False,False,458,480,4636042,Riyon,I,False,603,3765312,4636042
False,False,False,716,203,53290161,FeelsG00DMan,I,True,302,208537462,53290161
True,True,False,405,976,36791740,얼라이쁘,I,False,1036,206198425,36791740
False,False,False,530,232,50791988,bbq Ghost,I,False,288,208244782,50791988
False,True,False,558,203,60970764,Peanut,I,False,290,209521897,60970764
True,False,False,383,878,35030847,CCCrusHHH,I,False,933,205940681,35030847
False,False,False,1009,275,26670323,츠코파이,I,True,376,204167188,26670323
False,False,False,426,463,50800386,knight dog,I,False,544,208191209,50800386
False,False,False,487,493,6730482,maxiaotiao,I,False,623,4741330,6730482
False,True,False,588,458,16810685,RedBull Thal,I,False,522,201236882,16810685
False,False,False,601,453,9810634,NekoL,I,False,524,6871165,9810634
False,True,False,776,314,22611767,원딜둥이,I,True,396,203073673,22611767
False,False,False,416,427,5356799,슬프다고말하면,I,False,486,4267501,5356799
False,False,False,767,205,59230720,백수 Rain1ng,I,True,301,209319733,59230720
True,True,False,435,260,57330154,슈퍼겔럭시니달리,I,False,339,209084978,57330154
False,False,False,370,226,52133166,UcaL,I,False,299,208484750,52133166
False,False,False,494,988,39050997,종학깅,I,True,1053,206560208,39050997
True,True,False,411,164,30891088,J푸른하늘,I,False,244,205005943,30891088
True,True,False,449,399,4959450,DAN Ggoong,I,False,455,3972036,4959450
False,False,False,631,356,44930590,길동이에유,I,False,427,207569128,44930590
True,True,False,426,246,28552004,TnTeddy,I,False,296,204500813,28552004
True,False,False,379,599,1252821,GimGoon,I,False,655,755064,1252821
False,True,False,757,136,36990696,아라가키 유이,I,False,238,206227817,36990696
False,False,False,437,119,60141443,민나오하요,I,False,201,209394196,60141443
False,True,False,554,888,8377903,VIP 민형,I,True,957,5775781,8377903
True,False,False,416,514,10954237,XuanerDD,I,False,623,7751954,10954237
True,True,False,400,157,63220273,샌 톡,I,False,234,209676025,63220273
False,True,False,406,535,5268604,Boldness,I,False,595,4299069,5268604
False,False,False,545,573,55422225,에메랄드사파이어,I,True,655,208904782,55422225
False,False,False,678,671,35801706,bbq Tempt,I,True,747,206091414,35801706
False,True,False,780,175,58280556,wanxiaowan,I,True,273,209225242,58280556
False,False,False,545,218,25330528,MinKOOK2,I,False,292,203881305,25330528
False,False,False,810,381,55670257,프로시켜줘요,I,True,440,208876020,55670257
True,True,False,375,917,1562737,720171017,I,False,972,489826,1562737
False,True,False,482,344,1154367,AP Innovation,I,False,429,751494,1154367
False,True,False,912,400,8865750,JAG SnowFlower,I,True,489,6127074,8865750
True,False,False,470,909,5122177,Wilder,I,False,968,4021996,5122177
True,False,False,368,776,7978352,점수어떻게올림,I,False,822,5548984,7978352
False,True,False,921,486,41381113,Megalia,I,True,570,206878233,41381113
True,False,False,419,232,30470126,MeteorOvO,I,False,307,204879466,30470126
False,False,False,634,591,17280234,백수 JJUN,I,False,654,201356568,17280234
False,False,False,821,408,1640653,UaoDE0,I,True,489,1110666,1640653
True,False,False,414,208,1252130,썸 데,I,False,272,754508,1252130
False,False,False,454,376,28920777,Destiny,I,False,438,204544908,28920777
False,False,False,461,237,4963783,박투신,I,False,295,3872328,4963783
False,True,False,947,360,26101623,초면인데친한척함,I,True,458,204024521,26101623
True,True,False,410,449,51171091,Awe Bear,I,False,511,208281721,51171091
False,False,False,485,172,44330294,귤렐루야,I,True,239,207496863,44330294
False,True,False,453,494,1401545,LinLan,I,False,561,794227,1401545
False,False,False,443,158,45570827,laets,I,False,219,207677337,45570827
False,False,False,871,483,3263292,Afreeca Kramer,I,True,559,2525174,3263292
False,False,False,429,130,30772836,Eth4n,I,False,210,205065873,30772836
False,True,False,667,1035,3149868,단군의청춘부재,I,True,1098,2474930,3149868
False,False,False,517,766,2521310,작전동 노란머리,I,True,828,1893908,2521310
False,False,False,555,419,40261890,RVS Force,I,False,490,206772826,40261890
False,True,False,706,1378,3979503,Lehends,I,True,1453,3212081,3979503
False,True,False,596,685,8201453,appearflawless,I,False,746,5609003,8201453
True,True,False,421,88,44090985,Xavelin,I,False,159,207452196,44090985
False,False,False,488,297,3238847,Axiyo,I,False,364,2461308,3238847
False,False,False,416,335,1498982,Ruby Luv,I,False,392,1090491,1498982
False,False,False,713,617,58990819,양갱뿌,I,True,713,209300003,58990819
False,False,False,683,340,52240735,the way i go ,I,False,432,208460709,52240735
False,False,False,589,1126,2481136,모든최선을다하자,I,True,1195,1890305,2481136
False,True,False,509,788,12310972,미율치에오,I,False,856,200575439,12310972
False,False,False,1169,327,59880951,SnakeLight,I,True,448,209376444,59880951
False,False,False,482,317,54804802,ROX 라바,I,True,399,208770200,54804802
False,False,False,536,710,19230450,CJE Veritas,I,True,784,202048648,19230450
False,False,False,953,213,13931178,deft123456,I,True,303,200933520,13931178
False,True,False,689,322,41780873,멘탈약함올차단,I,False,393,206948172,41780873
True,True,False,500,734,41120462,Algorism,I,False,796,206772147,41120462
False,False,False,442,867,48980950,향로에서살아남기,I,True,929,208022902,48980950
False,False,False,486,828,28742441,KDM Secret,I,True,886,204517379,28742441
False,False,False,591,643,16910609,DWG BeryL,I,True,706,201232698,16910609
False,False,False,751,328,43920725,호이시,I,True,406,207443723,43920725
False,False,False,645,344,1222794,Afreeca Kuro,I,True,413,232934,1222794
False,False,False,415,149,1257110,열심히할게요오,I,False,218,766203,1257110
False,False,False,734,358,30430942,천점못찍는벌레,I,True,430,204917495,30430942
True,True,False,546,489,25301734,진에어 꾸잔,I,False,549,203921694,25301734
True,False,False,405,1036,49650767,IndonesiaMassage,I,False,1096,208102903,49650767
True,True,False,492,300,4837752,아이센스PC방 1,I,False,358,3946176,4837752
False,False,False,647,374,54660767,Fotune,I,True,430,208752684,54660767
False,False,False,527,484,45370748,Rain1ng,I,True,554,207617201,45370748
False,False,False,655,314,57910466,Bvoy,I,True,399,209197076,57910466
True,True,False,403,159,26051481,승리 루트,I,False,227,203716469,26051481
False,False,False,627,991,25170222,hr612,I,True,1054,203769662,25170222
True,False,False,438,1012,18791995,CJE Racoon,I,False,1061,202021894,18791995
False,False,False,456,429,41913808,허수님,I,True,496,207100227,41913808
True,False,False,455,1193,3153049,ROX Mightybear,I,False,1249,2391217,3153049
False,False,False,832,270,1870826,DOPELIFT,I,True,378,1367961,1870826
False,False,False,463,971,35190772,스누피808,I,True,1035,205937251,35190772
False,False,False,405,67,63030472,1 2 3 Red Sun,I,False,147,209682432,63030472
False,False,False,663,755,12640456,SSG Stitch,I,True,825,200584224,12640456
False,False,False,529,1053,36621220,SKT T1 슼카이,I,True,1108,206183394,36621220
False,True,False,851,792,24910546,hg1018,I,True,871,203780321,24910546
False,False,False,676,352,32922003,푸딩은푸딩해,I,True,423,205613310,32922003
False,False,False,515,270,10080249,뽀오뽀오,I,False,333,6965193,10080249
True,True,False,439,197,30972044,깜빡졸음번쩍저승,I,False,289,202012925,30972044
True,False,False,440,230,53191248,1997 04 01,I,False,300,208561577,53191248
False,False,False,507,311,9902377,므라기2,I,False,383,6898512,9902377
False,False,False,532,624,4558752,bbq Totoro,I,True,685,3604468,4558752
False,False,False,516,496,4673576,이드류,I,True,563,3706811,4673576
False,False,False,507,567,22231139,PuncHh,I,False,624,203011568,22231139
False,False,False,913,340,28862717,MVP ADD,I,True,419,204613894,28862717
False,False,False,501,226,3131594,그러면안돼요짜샤,I,True,304,2373850,3131594
False,False,False,466,827,56561937,he  nan    yu,I,False,904,208970131,56561937
False,False,False,546,400,1647739,EEW LueD,I,False,460,1198324,1647739
True,False,False,419,211,45140675,Jin Air Teddy,I,False,273,207570975,45140675
False,False,False,626,520,11572402,LPL noob ad QAQ,I,True,587,200222990,11572402
False,False,False,462,188,17140249,LaOde0,I,False,261,201254265,17140249
False,True,False,668,794,1164825,우르프rider,I,True,862,758274,1164825
False,False,False,815,270,59030865,hr720,I,True,377,209298941,59030865
False,False,False,562,809,13762462,빤쓰런 장인,I,False,877,200900269,13762462
False,False,False,381,268,59961075,잘좀하고싶다,I,False,332,209383643,59961075
False,False,False,488,303,10240238,Son of Secret,I,False,374,7166018,10240238
False,True,False,519,875,12910223,이 차가 식기전에,I,False,931,200621317,12910223
False,False,False,407,671,34350935,WENJUNXI,I,False,710,205839418,34350935
False,False,False,481,565,3649533,커피물조절장인,I,False,623,2881442,3649533
False,True,False,468,495,2005338,풀 뜯는 미드,I,False,555,1490224,2005338
False,False,False,654,916,4843289,최석배 사생팬,I,False,989,3863724,4843289
False,False,False,523,304,58860222, hf ghkyu,I,True,407,209274483,58860222
False,False,False,552,969,33310849,땅우양,I,False,1042,205641227,33310849
False,False,False,608,719,10024775,I am ZIatan,I,True,786,7067991,10024775
False,True,False,595,217,44091430,Bbrother,I,False,282,207447712,44091430
False,False,False,489,674,11943987,By 불비,I,False,726,200440551,11943987
False,True,False,581,275,43480287,Hushen Huya,I,True,354,207374406,43480287
False,False,False,923,262,57451336,ROX Iava,I,True,365,209176499,57451336
False,False,False,810,473,53250371,Gemst0ne,I,True,552,208533470,53250371
False,False,False,742,916,25260179,GabrielCRO,I,True,986,203870735,25260179
False,True,False,540,1064,32600160,KronGG,I,False,1143,205550787,32600160
False,False,False,714,835,17596207,SKT T1 Effort,I,True,909,201517403,17596207
False,False,False,419,205,12132641,이기자 할수있다,I,False,270,200543394,12132641
False,True,False,466,97,60790393,zaqzxcazxcv,I,False,173,209455808,60790393
False,False,False,590,457,37960539,So1o,I,False,521,205199428,37960539
False,False,False,632,282,52260971,춘봉박,I,False,349,208481201,52260971
False,False,False,629,355,27691177,reMember Mistake,I,True,422,204293094,27691177
False,False,False,406,1124,1099258,나는 매우다즈둑,I,False,1185,690595,1099258
False,False,False,834,733,28951157,Afreeca M0wgli,I,True,812,204556794,28951157
False,False,False,675,435,38532544,알파몽,I,False,527,206487982,38532544
False,True,False,581,574,2466512,RehsAd,I,False,636,1956152,2466512
False,True,False,451,377,20160399,spero spera 2,I,True,437,202571162,20160399
False,False,False,488,177,1180571,FeelsAwesomeMan,I,True,282,669822,1180571
True,False,False,388,110,48390286,F1owArT,I,False,265,207936458,48390286
False,False,False,460,198,19610794,MooJin,I,False,277,202422138,19610794
True,False,False,383,673,9112012,bbq Crazy,I,False,733,6241698,9112012
False,True,False,531,691,9068184,멘탈과실력을겸비,I,False,747,6358198,9068184
False,False,False,459,305,37951232,Tank KK,I,False,361,206321273,37951232
False,False,False,849,565,17595057,KDM SSol,I,True,646,201481153,17595057
False,False,False,557,770,1687546,쿠소만화 보따리,I,False,839,1196206,1687546
False,True,False,29,318,2334890,홍 끼,I,False,388,1792873,2334890
True,False,False,14,441,54670674,OnlyKOGADC,I,False,465,208752599,54670674
True,True,False,0,166,33191903,시르삼,I,False,200,205681158,33191903
True,True,False,90,454,3954877,대왕초밥,I,False,511,3147890,3954877
False,False,False,204,325,9283960,샤크사장,I,False,377,6477601,9283960
False,True,False,283,728,55410771,천많정하,I,True,794,208863420,55410771
False,True,False,326,348,38710450,Ellim7,I,True,399,206501884,38710450
False,False,False,114,1230,29382786,올라갈수있따,I,False,1267,204708736,29382786
False,False,False,297,316,3335692,Endless614,I,False,390,547086,3335692
False,False,False,49,411,7848225,그의고치,I,False,461,5539348,7848225
False,False,False,60,1230,1380212,Rimu666,I,False,1270,286388,1380212
True,True,False,0,48,2492673,정글안줌던집니다,I,False,100,1014505,2492673
False,False,False,281,312,13634961,비타s,I,False,364,200823127,13634961
True,True,False,0,380,1090731,DAN Fishball,I,False,406,667202,1090731
False,False,False,199,1046,37900816,죽지마김치맨,I,False,1090,206361572,37900816
True,False,False,132,581,34690137,김광협,I,False,618,205825868,34690137
True,False,False,298,778,2946932,MVP Max,I,False,816,2238783,2946932
False,False,False,9,496,38030558,Ys Bienna,I,True,565,206356154,38030558
True,False,False,99,210,5620705,o0o0o0o00o0o,I,False,290,4356071,5620705
True,False,False,0,680,14610282,등산혐오증,I,False,734,201089576,14610282
False,False,False,120,1236,54990820,supbest,I,False,1261,208752837,54990820
False,False,False,310,825,10725854,Possible tts,I,True,923,7530974,10725854
True,False,False,0,380,31123182,zl존병준,I,False,440,205222962,31123182
True,False,False,147,884,51950149,XinMo,I,False,919,208351516,51950149
True,False,False,0,967,9007397,k1mchi warrior,I,False,1016,6341504,9007397
False,True,False,379,1261,51730382,IGS Doran,I,True,1320,208330816,51730382
True,False,False,0,388,25900779,JeeryC,I,False,445,203945832,25900779
False,False,False,0,30,28381183,흑형TM 대장,I,False,68,204438563,28381183
False,False,False,84,730,9041980,지현이의빗자루,I,False,773,6242276,9041980
False,False,False,59,539,56221322,쁘띠예리사랑해요,I,True,615,208714024,56221322
False,False,False,22,134,1132347,VTG FIFA,I,False,176,723359,1132347
True,False,False,0,154,61280426,River fall,I,False,230,209544959,61280426
True,False,False,0,43,11355206,타카하시 샤코,I,False,84,200093517,11355206
True,True,False,0,254,47110721,솔랭제발만들어줘,I,False,333,207821224,47110721
True,False,False,118,587,16311065,MVP Beyond,I,False,628,201194907,16311065
True,True,False,155,385,52092636,A Linjie,I,False,462,208463801,52092636
False,False,False,152,636,30171275,ROX Cr0w,I,False,690,204840551,30171275
False,False,False,7,407,13862454,정말잘하고싶어요,I,True,443,200890830,13862454
False,True,False,138,501,11075052,나두끼긔,I,False,550,7768066,11075052
True,False,False,0,344,3815530,ATon,I,False,382,2977991,3815530
False,True,False,112,330,2100716,Suzack,I,True,376,1558866,2100716
False,False,False,306,330,38870618,ad only plz,I,True,414,206509061,38870618
True,False,False,106,922,4823742,mnnmmnnmnnnnmmnn,I,False,975,3871870,4823742
True,False,False,321,494,3845421,일반게임 혐오증,I,False,549,3008873,3845421
False,False,False,168,843,30884102,카우걸 미스 포츈,I,True,930,205108432,30884102
True,False,False,0,755,58920359,9550,I,False,832,209284296,58920359
True,False,False,0,294,13343032,파  뮬  러,I,False,345,200732074,13343032
False,False,False,183,828,41170221,Hyunuu,I,True,874,206154294,41170221
True,True,False,0,231,4531393,wadid,I,False,294,3457012,4531393
False,False,False,115,1674,49620761,whisper snow,I,True,1714,208102536,49620761
False,False,False,0,75,47010526,탑 그지같은 라인,I,False,137,207814697,47010526
True,False,False,64,293,4371988,Psyki,I,False,341,3380468,4371988
True,True,False,166,82,1651289,나츠카린,I,False,134,1118491,1651289
False,True,False,112,480,1509321,싶다 승리,I,False,527,1093855,1509321
False,False,False,14,315,11397422,언제든 달려갈게,I,False,360,200129667,11397422
False,False,False,110,724,6992257,Mhaysa,I,False,772,4883737,6992257
True,False,False,236,1088,50130702,l32et16,I,False,1145,208116699,50130702
False,False,False,67,786,3812140,Like tattoos,I,False,833,2916863,3812140
False,False,False,167,158,62360860,챌 희,I,True,218,209642503,62360860
False,False,False,252,184,3871049,KlNG,I,True,260,2930662,3871049
True,False,False,365,65,31921172,노력해야하는사람,I,False,146,205330193,31921172
True,False,False,0,269,55221430,써거덩,I,False,326,208824513,55221430
False,False,False,361,204,63340221,sanspareil1,I,True,237,209706330,63340221
False,False,False,290,961,51470266,첸 신혜선 좋아,I,True,1035,208287794,51470266
False,False,False,119,406,59250284,인천부광고엠생임,I,False,471,209306576,59250284
False,False,False,52,888,10670581,JingJing Yi,I,False,928,7420464,10670581
False,False,False,59,730,21894104,트와이스 원스,I,False,756,8024711,21894104
True,False,False,24,128,7272258,ProGamer민성,I,False,165,5104152,7272258
True,True,False,27,615,8854889,길 영,I,False,682,6100600,8854889
False,False,False,307,764,20892198,Koed OwO,I,False,807,202773512,20892198
True,True,False,14,1128,3021335,원딜은cs로말한다,I,False,1154,2300180,3021335
True,True,False,39,863,11474742,가양동 돌격대장,I,False,899,200077192,11474742
True,False,False,71,781,2915598,RRRR,I,False,871,2220552,2915598
False,True,False,248,453,1448051,day 태갑,I,True,509,1077690,1448051
False,False,False,42,700,42461466,sibasaki roka,I,False,783,207196668,42461466
True,False,False,0,376,11736784,아오귀차나,I,False,439,6832667,11736784
False,False,False,5,127,54970801,서 행,I,False,160,208757105,54970801
False,True,False,66,443,47080539,세젤예 혜린,I,False,574,207816021,47080539
True,False,False,134,732,3941091,PaldAl,I,False,780,3084313,3941091
False,False,False,291,95,34990391,jjijiijijljli,I,False,150,205923395,34990391
True,False,False,236,1203,3791400,Raoss,I,False,1235,2905522,3791400
False,True,False,239,996,20450514,kfo,I,True,1041,202620815,20450514
False,False,False,60,116,58620462,다으니펫,I,False,183,209254012,58620462
False,False,False,262,682,53140760,zmyzzz,I,False,755,208217614,53140760
True,False,False,0,53,5932989,새벽에는치킨이지,I,False,106,4600659,5932989
True,True,False,50,1420,11680230,Jacen,I,False,1457,200227703,11680230
False,False,False,3,82,11451567,퓨 라,I,False,122,200025780,11451567
True,True,False,0,525,8961998,밥을꼭꼭씹어먹자,I,False,563,6032297,8961998
True,False,False,266,1016,3845611,Dingchenyu,I,False,1062,3022796,3845611
False,False,False,24,181,10139047,슬슬날아보자,I,False,225,7146623,10139047
False,False,False,55,312,3316009,핑크탑,I,False,421,2560559,3316009
True,False,False,0,329,8017439,Cux DduDde,I,False,415,5523565,8017439
True,True,False,36,451,46130461,Excuse,I,False,494,207726863,46130461
False,False,False,169,280,1222470,자양동 빅 가스맨,I,False,334,260848,1222470
False,False,False,0,248,32010926,프로만나면트롤함,I,True,298,205320008,32010926
True,False,False,0,481,1882877,LeonaMaestro,I,False,536,1393713,1882877
True,False,False,0,352,1998440,점수셔틀,I,False,427,1526872,1998440
False,False,False,86,242,3728893,발톱아픈연준,I,False,283,3043790,3728893
True,False,False,19,268,47290668,pipidan,I,False,320,207845270,47290668
True,False,False,227,79,58710167,동양공전정보통신,I,False,170,209243581,58710167
True,False,False,15,627,9164572,미친 과학자 직스,I,False,659,6295379,9164572
False,False,False,211,522,2801780,Youdang Kurisu,I,True,629,2037243,2801780
True,False,False,70,819,31442027,두 런,I,False,862,205290914,31442027
False,False,False,239,262,29590185,Siste aeterno,I,True,357,204714803,29590185
False,False,False,198,278,1990503,Back 1n Black,I,False,314,1410285,1990503
True,False,False,0,406,53131032,뭉렐리아,I,False,458,208554152,53131032
False,False,False,109,941,21913653,신비자,I,False,987,8028752,21913653
True,False,False,48,63,63960624,응와애,I,False,119,209758984,63960624
True,False,False,365,238,58910718,GSRDJ,I,False,319,209283927,58910718
False,False,False,50,763,54813482,PaladinXD,I,False,805,208732190,54813482
True,False,False,316,436,56720293,A1Te,I,False,507,209038842,56720293
True,False,False,0,131,62361061,보고배워친구들,I,False,210,209590661,62361061
False,False,False,232,402,1872558,뿡뿡뿡뿡뿡쁑,I,False,448,1388385,1872558
True,False,False,0,211,3122377,sb top,I,False,268,2383170,3122377
True,False,False,0,169,22936321,다요뜨,I,False,257,203323473,22936321
False,False,False,118,761,6704587,바람의 늑대,I,True,807,4818546,6704587
False,False,False,161,611,1730107, Tong bb,I,True,736,1361455,1730107
False,True,False,52,436,11841135,지아소,I,False,471,200248096,11841135
False,False,False,200,829,7791613,사스갓지지,I,True,878,5258842,7791613
True,True,False,0,530,59640548,Empmuyi,I,False,592,209334030,59640548
False,False,False,103,312,20592144,Coin Flip Jg,I,True,401,202676388,20592144
False,False,False,135,987,57321585,2001 O7 01,I,False,1071,209133198,57321585
True,False,False,0,43,8359561,네품으로인섹킥,I,False,91,5801700,8359561
True,False,False,14,1008,17707387,하당중,I,False,1035,201545672,17707387
True,False,False,53,954,40300185,8bei  98k ,I,False,1000,206720203,40300185
False,False,False,230,122,8815080,Fitsme,I,False,181,6111873,8815080
False,False,False,17,166,44120979,16학번이은하,I,False,211,207447705,44120979
True,True,False,0,208,31551938,정상에 선 자,I,False,284,205285329,31551938
True,False,False,0,65,38442463,You so noob,I,False,122,206482032,38442463
True,False,False,0,29,1946100,혜민팡,I,False,80,1498782,1946100
False,True,False,179,122,58250162,아이디팜친추주셈,I,False,194,209213517,58250162
False,False,False,293,603,1259206,FindMyse1f,I,False,644,288521,1259206
False,False,False,271,726,2493015,ablela,I,False,777,1912209,2493015
False,False,False,228,560,42223084,twice손채영,I,True,598,207078123,42223084
False,True,False,203,422,9762863,닷지장인 심포갓,I,False,487,1259602,9762863
True,True,False,0,905,10124792,Is IRON,I,False,947,7068456,10124792
False,True,False,356,94,35361366,둘리 호잇이,I,False,160,205956578,35361366
True,False,False,57,183,4260918,DeuL2,I,False,237,3359926,4260918
False,False,False,175,132,4444994,슬럼프를극복하자,I,False,192,3531497,4444994
True,True,False,34,78,60371273,Rousal,I,False,139,209440423,60371273
False,False,False,14,283,9601733,멍청해여,I,False,321,6709466,9601733
False,False,False,239,513,60520189,재미없는게재밌네,I,False,544,209429976,60520189
False,True,False,72,610,19472569,Nearly,I,False,658,202471504,19472569
False,False,False,185,504,11847335,18501159717,I,True,546,200362664,11847335
False,False,False,179,421,3666484,CrazySound,I,False,468,2844191,3666484
False,False,False,72,145,56131290,뚱이 서폿,I,True,206,208971849,56131290
False,True,False,247,613,7671924,우주7,I,False,675,5271726,7671924
True,False,False,0,111,54933712,김교민,I,False,181,208739111,54933712
True,False,False,0,752,49970686,luckybuff,I,False,790,208119600,49970686
False,False,False,310,1105,55880274,갬 성,I,False,1181,208909131,55880274
False,False,False,37,601,51341145,I love YuE,I,False,668,208315465,51341145
False,False,False,134,387,47850562,태국그자체,I,False,443,207350806,47850562
False,True,False,111,311,53190232,YOYOuuuuuO,I,False,381,208530143,53190232
True,False,False,0,24,45801492,어느 햇살 좋은날,I,False,79,207694555,45801492
True,False,False,66,43,64420725,와 뭐하지,I,False,107,209833125,64420725
False,False,False,69,203,2426765,완전카일,I,False,322,1827465,2426765
False,False,False,13,260,46580393,UnIimit,I,False,309,207778200,46580393
True,False,False,0,50,11843636,원딜러 성준,I,False,132,200295174,11843636
True,False,False,0,131,3773518,닷 유,I,False,190,2942827,3773518
True,False,False,14,45,62500783,가을이 오는 날,I,False,96,209640696,62500783
True,True,False,0,579,3232737,DNF lu ke c,I,False,670,2387817,3232737
True,True,False,0,160,11274149,Toby Grimditch,I,False,202,7919857,11274149
True,True,False,0,58,43160291,저는정치를잘해요,I,False,124,207288481,43160291
True,True,False,0,309,7550251,외쳐주유소갓라카,I,False,340,5205932,7550251
True,False,False,101,451,22591520,제주도 에이스,I,False,499,203070745,22591520
False,False,False,245,41,58260945,ZuodingAAAAAA,I,False,124,209238536,58260945
False,False,False,49,433,54864166,Tw1ch,I,False,507,208751276,54864166
False,False,False,180,424,3894533,gnoL oaiX,I,False,520,3139403,3894533
False,False,False,49,260,50320192,이야공,I,True,323,208144198,50320192
False,False,False,40,93,61110668,chellish,I,False,170,209517954,61110668
True,False,False,46,71,22033662,1998 04 09,I,False,140,8027026,22033662
False,True,False,49,296,11079902,LeonaMaster,I,False,371,7851123,11079902
True,False,False,0,611,5354745,않 이,I,False,641,3610838,5354745
False,False,False,258,1066,1533024,긍정적인미드,I,True,1123,251448,1533024
True,False,False,0,356,1725011,DiLiReBa fans,I,False,416,1297194,1725011
True,True,False,37,34,63660168,NL WONDERBOY,I,False,54,209742911,63660168
False,False,False,32,788,13731393,이성조,I,False,822,200880403,13731393
False,False,False,38,246,44110189,북경대동경대서경,I,True,312,207427259,44110189
True,False,False,0,186,1417832,WOOAK,I,False,227,903286,1417832
True,False,False,0,1158,38451538,Mid123,I,False,1187,206451780,38451538
False,False,False,184,975,11274541,여최미,I,True,1037,7923979,11274541
False,True,False,221,684,3492450,멍청이똥자루,I,True,732,2651991,3492450
True,False,False,199,790,1457469,미이미익,I,False,835,1069361,1457469
False,False,False,42,178,38471569,leesanghodoranna,I,False,217,206452044,38471569
True,True,False,62,717,34711309,무 헌,I,False,749,205908603,34711309
True,True,False,364,195,48540416,BKKK,I,False,272,207984405,48540416
True,False,False,110,128,59750599,ApexOx,I,False,185,209340965,59750599
False,False,False,144,1302,50820240,원전하다 아,I,True,1352,208185575,50820240
False,False,False,138,210,6001562,와치만나면트롤,I,False,256,3398806,6001562
False,False,False,0,357,1305526,이별은 길다,I,False,424,903997,1305526
False,False,False,130,525,2006507,Nagne123,I,False,567,1503672,2006507
True,True,False,0,155,44400323,Skype,I,False,208,207498025,44400323
False,True,False,195,175,62331250,세메론,I,False,244,209653555,62331250
False,False,False,35,1150,5189510,돌잔치때도란잡음,I,True,1172,4315978,5189510
False,False,False,125,413,14380763,ZhanQiHuaYm,I,False,491,201077940,14380763
True,False,False,252,1118,31171991,빵재애오,I,False,1158,205176564,31171991
False,False,False,101,405,28751096,ART PLUS,I,False,446,204472714,28751096
True,False,False,14,1362,54840152,mind training,I,False,1413,208627392,54840152
False,True,False,133,150,59050724,고마운줄 모르고,I,True,213,209296297,59050724
False,False,False,144,132,57570595,릴리스타나,I,False,203,209153225,57570595
False,False,False,170,464,2706560,검은머리사나이,I,True,520,2099284,2706560
True,True,False,0,361,10061312,Yu bao QvQ,I,False,437,6985891,10061312
False,True,False,129,394,5331051,A weak youth,I,False,504,4132233,5331051
True,False,False,0,48,46680159,퍼플팀 공그,I,False,106,207771371,46680159
True,False,False,12,137,57191340,해머쇼크,I,False,205,209126930,57191340
False,False,False,0,376,2922920,BFiaSP,I,False,395,2188512,2922920
False,False,False,32,329,60131102,에어맨,I,False,394,209382558,60131102
False,False,False,348,538,50471029,나는 안 그래,I,True,600,208178129,50471029
True,False,False,317,334,45631469,콩나물국밥주세여,I,False,392,207695184,45631469
True,False,False,16,186,57730822,AD 라이너,I,False,243,209161524,57730822
True,False,False,331,763,27061092,이도류,I,False,814,204245747,27061092
False,False,False,137,400,24730697,악마검,I,True,447,203744805,24730697
False,True,False,142,77,58910551,Change myse1f,I,False,143,209270745,58910551
True,False,False,42,795,4652561,류석대,I,False,837,3671386,4652561
True,False,False,0,42,47960141,나 신낫어,I,False,81,207880663,47960141
False,True,False,119,545,29190975,MAKJANG,I,False,591,204647675,29190975
True,False,False,40,835,17674595,ben xiao hai ,I,False,922,201463461,17674595
True,False,False,334,545,56921556,5분만 더잘래요,I,False,621,209078773,56921556
True,True,False,13,113,24640640,연애하면예뻐진다,I,False,158,203740941,24640640
True,True,False,0,277,2843491,느그엄마찾아줄까,I,False,369,2191558,2843491
True,False,False,339,655,8968235,PXB1,I,False,710,6162653,8968235
True,True,False,57,242,11374208,상추야아,I,False,291,200072663,11374208
True,False,False,366,1014,49630570,GALA,I,False,1101,208099442,49630570
True,True,False,0,32,46690797,잎새달 열이틀,I,False,113,207788664,46690797
True,False,False,343,547,3964487,센센 사랑해,I,False,596,3141212,3964487
True,False,False,0,337,11300382,하늘별자리,I,False,368,7844860,11300382
True,False,False,347,653,7735748,호잇이,I,False,704,5365690,7735748
True,True,False,0,327,8771727,미드를 가도 될까,I,False,369,5909338,8771727
False,False,False,57,615,24840579,찬탈자 정민석,I,True,667,203739990,24840579
True,False,False,31,551,17547988,맞짱떠씨2발련아,I,False,592,201561515,17547988
False,False,False,25,715,7016597,Abyss  JiHun,I,False,781,4993374,7016597
True,False,False,14,260,17574803,찹 또,I,False,324,201480394,17574803
True,False,False,0,389,17213723,흑형TM XD,I,False,427,201335060,17213723
False,True,False,156,1059,3412304,DWG TRY,I,True,1096,2646598,3412304
True,False,False,0,349,9054348,FGO,I,False,394,6293499,9054348
True,False,False,137,862,7913278,Gon123,I,False,899,5443604,7913278
False,False,False,349,504,1621881,퓨 Zl,I,False,564,1125093,1621881
False,False,False,137,195,33260313,Do LaoN,I,False,245,205624948,33260313
True,True,False,0,368,43450526,P 0 C A R l,I,False,400,207380830,43450526
True,False,False,61,202,14041867,동덕초3학년2반,I,False,305,200945706,14041867
False,False,False,9,473,2840641, Zune Bay,I,False,505,2147401,2840641
False,False,False,89,701,1667978,우주제일미소녀,I,False,808,1200533,1667978
True,False,False,0,996,1552439,wo xiang ying a ,I,False,1083,998057,1552439
False,False,False,117,354,19652079,하영이꼬봉,I,False,471,202458842,19652079
True,False,False,0,148,4904093,성 군,I,False,200,2803913,4904093
False,False,False,146,292,58850925,cbzOvO,I,False,367,209299869,58850925
False,False,False,0,257,60430362,Wzb1,I,False,316,209410877,60430362
True,False,False,13,175,63270758,PUBGKING,I,False,232,209691814,63270758
False,True,False,309,372,2528997,혜나가제일좋아,I,True,428,1988033,2528997
False,False,False,71,410,1508361,Jun,I,True,455,1025353,1508361
True,True,False,0,79,46810705,말랑몰캉말캉,I,False,170,207492837,46810705
False,False,False,49,664,4211147,사람이길포기함,I,False,700,3303053,4211147
True,False,False,96,590,1130167,Sim Student,I,False,618,239695,1130167
True,True,False,68,222,62521105,강림의악마,I,False,299,209647555,62521105
True,False,False,12,207,34580624,MaRin 2,I,False,265,205884265,34580624
True,False,False,78,540,4212766,상어가족,I,False,610,3330684,4212766
True,True,False,0,253,3177417,당 신,I,False,294,2445397,3177417
False,False,False,109,447,35561559,I saw an angel,I,True,542,206004830,35561559
True,False,False,179,639,2063557,Xero,I,False,680,1557627,2063557
False,False,False,27,178,43890126,린푸린,I,False,245,207424695,43890126
True,True,False,0,525,3425381,Kuro유키,I,False,582,2684906,3425381
False,True,False,91,929,1443179,전설의jvq,I,False,1010,1010125,1443179
False,False,False,295,354,4281453,Jisu,I,True,410,3370212,4281453
True,False,False,0,1185,26372166,탐험단장,I,False,1207,204132693,26372166
True,False,False,0,441,38060843,우주대마왕1022,I,False,488,206365608,38060843
False,False,False,58,713,2038028,YekDoolb,I,True,750,1523033,2038028
False,False,False,194,583,19500241,엄청강한 올빼미,I,True,634,202093245,19500241
True,False,False,60,323,31350936,Nantatata,I,False,373,205146069,31350936
True,False,False,0,686,51781159,327099,I,False,723,208357607,51781159
False,False,False,17,372,8968456,AsGod,I,False,410,6174458,8968456
False,False,False,0,325,35271925,ChinoCocoa,I,False,364,206021210,35271925
False,False,False,0,623,32070543,박초봉,I,False,705,205307105,32070543
False,False,False,33,948,2721973,iinori,I,True,976,2040818,2721973
True,False,False,28,556,38120473,spark01,I,False,600,206353515,38120473
False,False,False,0,56,36210919,너와나의연결G0RI,I,False,93,206132507,36210919
True,False,False,29,816,11142704,Avicii fans,I,False,867,7894453,11142704
True,False,False,0,154,26152621,프야쨩,I,False,232,204058482,26152621
True,True,False,0,161,5233457,참자성준아,I,False,196,4174670,5233457
True,False,False,0,1403,17102446,PilchaI,I,False,1469,201307130,17102446
True,False,False,0,466,1252183,야 멸,I,False,524,478337,1252183
True,False,False,29,114,4033066,저녁인사는곰방와,I,False,152,3153525,4033066
False,False,False,269,87,2931911,pi9,I,False,139,2178051,2931911
True,False,False,0,321,10012181,바이온사마,I,False,373,6994134,10012181
False,False,False,185,586,5273226,CJE Pur2,I,False,626,4170045,5273226
True,False,False,0,25,9040234,31 20 69,I,False,62,6206122,9040234
True,False,False,0,108,60450656,고양이가어흥흥,I,False,174,209420348,60450656
True,True,False,13,222,11942372,Center Pole,I,False,268,200402309,11942372
False,False,False,106,770,56721478,Mani eh MwH,I,False,823,209076886,56721478
True,True,False,373,342,54960538,walking300 fan,I,False,432,208631140,54960538
False,False,False,97,467,41981013,루시퍼메이데이,I,False,520,207013602,41981013
False,False,False,21,347,44300217,왕초밥,I,False,383,207494414,44300217
False,False,False,192,317,63221890,정명고오오오오오,I,True,383,209726862,63221890
True,False,False,0,278,9882091,스눈이,I,False,309,6905446,9882091
False,False,False,80,713,5734285,ecitsuJ uhzgnoL,I,True,747,4430283,5734285
True,False,False,278,372,54980713,왜요뭐요거북이요,I,False,414,208757003,54980713
True,False,False,317,662,7816175,엔도르시 자하드,I,False,719,5360814,7816175
False,False,False,129,541,10588696,꾸로 턱 불꽃,I,False,594,7573471,10588696
True,False,False,0,689,1513898,여름 조앗,I,False,717,1017546,1513898
False,False,False,256,673,3844089,YSGYGGS,I,False,768,2995942,3844089
False,False,False,76,323,41060133,Khalis,I,False,372,206850039,41060133
False,False,False,15,1024,11099210,Keyara,I,False,1075,7834693,11099210
False,False,False,90,332,52090253,BingoKotori,I,False,406,208392478,52090253
False,True,False,241,556,47730173,hard girl,I,True,605,207845611,47730173
False,False,False,113,546,57880817,A BBD bbd,I,True,616,209210108,57880817
True,False,False,27,195,28870203,죽지마얘들아,I,False,241,204522812,28870203
True,False,False,107,474,56031246,철이컴퍼니,I,False,562,208971958,56031246
False,False,False,229,320,45390454,넌아무것도몰라,I,False,362,207601553,45390454
True,False,False,26,464,1761453,MannerMakethMom,I,False,509,1253577,1761453
False,False,False,103,376,60671174,zhang jian xiang,I,True,458,209449434,60671174
True,False,False,36,820,45631381,Arnica,I,False,874,207692942,45631381
True,False,False,96,908,17717945,범박고 김태기,I,False,947,201560737,17717945
True,False,False,88,423,11936903,h1rb,I,False,489,200493315,11936903
True,False,False,0,8,42780432,Cute Crow,I,False,57,207242594,42780432
False,False,False,58,227,43481446,Pd Alz,I,False,279,207411747,43481446
True,False,False,248,107,62300168,ililililiiiilili,I,False,136,209603222,62300168
True,False,False,114,217,63680172,NEVEROPENNEVERGG,I,False,250,209742732,63680172
False,False,False,40,601,7953939,치 열,I,False,640,5468590,7953939
False,False,False,43,973,37750750,섹시스윙스,I,False,998,206322051,37750750
True,False,False,356,571,17030390,Captainfly,I,False,632,201257524,17030390
False,False,False,28,174,4921138,UNQ 1,I,False,206,3804305,4921138
False,True,False,310,63,61120821,날 괘롭휘지마,I,False,142,209529621,61120821
True,False,False,131,303,52042347,악시 뒷바라지,I,False,371,208458770,52042347
False,False,False,288,339,42084354,뽀허니,I,False,402,207120864,42084354
True,False,False,0,33,10380424,새우사주새우,I,False,76,7217560,10380424
True,False,False,40,1171,42990716,오함마드알리,I,False,1212,207251094,42990716
True,False,False,298,572,21864810,jinwandalaohu,I,False,623,8053322,21864810
True,True,False,0,429,7621575,1 Peak,I,False,472,5219157,7621575
False,False,False,30,1784,9718722,1312223,I,True,1800,6820067,9718722
True,False,False,0,906,1414195,어석희,I,False,940,327188,1414195
True,False,False,0,221,3915465,종탁이,I,False,281,3156823,3915465
False,False,False,126,288,52072472,마레말해뭘말해,I,False,351,208463283,52072472
True,False,False,0,458,22940823,M1까지 서폿,I,False,489,203135017,22940823
False,False,False,153,282,21874201,좋은꿈꾸고싶어요,I,False,331,8036298,21874201
True,True,False,35,283,9254674,보노오턴,I,False,330,6507165,9254674
False,False,False,231,75,62300167,더 잘할수있다,I,False,107,209603221,62300167
True,False,False,88,828,56940791,이치방츠요이야츠,I,False,891,209055347,56940791
True,True,False,50,521,55370930,해운대잠만보,I,False,584,208866830,55370930
False,False,False,132,595,6841819,Destined,I,False,723,4764369,6841819
True,False,False,0,184,58900548,부 권,I,False,246,209290576,58900548
False,False,False,115,371,59920240,CatRats,I,True,449,209333398,59920240
False,False,False,28,1435,38370928,그럴수있어요괜찮,I,True,1468,206422736,38370928
True,False,False,0,279,47810430,지이영,I,False,324,207872586,47810430
True,False,False,25,170,63121960,쏘 은,I,False,242,209725846,63121960
True,True,False,27,1251,13330988,Awe BarOh,I,False,1289,200694022,13330988
True,False,False,106,290,17876268,Republic123,I,False,362,201715828,17876268
True,False,False,111,759,14140799,Fal1 Soulights,I,False,861,201065491,14140799
True,False,False,241,442,29341237,Lucete,I,False,496,204655734,29341237
False,False,False,372,1247,2405432,CJ Entus GAP,I,True,1300,1810562,2405432
False,True,False,114,924,26511451,Abyss whitehorse,I,False,962,204108146,26511451
True,False,False,12,495,5782801,Bonavely,I,False,534,3534782,5782801
False,False,False,71,196,17543970,yezhaoliangleye,I,False,305,201461099,17543970
True,False,False,0,274,58640353,Str1ng,I,False,316,209157881,58640353
True,False,False,0,18,60780961,갱가는데순서없음,I,False,71,209475882,60780961
True,False,False,15,832,1397152,By myself,I,False,870,929620,1397152
True,False,False,0,77,36930722,아추워추어탕,I,False,138,206231128,36930722
True,False,False,177,888,13802496,keinwort,I,False,923,200901221,13802496
False,True,False,98,1185,20500168,Hyeon Jun Lee,I,False,1226,202606482,20500168
True,False,False,37,254,62090638,Grue,I,False,321,209608760,62090638
False,False,False,97,730,54970773,Mse corgi,I,False,759,208752914,54970773
False,False,False,18,782,45652117,Rueger7,I,False,830,207715025,45652117
False,False,False,36,581,32034308,Xcar1et,I,False,620,205430259,32034308
False,False,False,286,305,29341663,JAG UmTi,I,False,365,204672058,29341663
True,False,False,0,1035,17574071,2000 12 30,I,False,1068,201463400,17574071
True,False,False,22,851,2728066,yigejiqiplayer,I,False,934,2118239,2728066
True,True,False,0,220,3469069,짱귀요미직스,I,False,290,2732767,3469069
True,False,False,0,585,8694190,동휘야,I,False,613,5951658,8694190
False,False,False,49,258,54670704,등 따신 개구리,I,False,279,208756598,54670704
True,False,False,74,273,21851695,똥좀싸겟다,I,False,331,202937281,21851695
False,False,False,24,738,44061008,가구공장,I,False,774,207452877,44061008
False,False,False,104,621,10134453,WaterDances J,I,False,660,7024597,10134453
True,False,False,25,914,56990787,MVP Motive,I,False,975,209054174,56990787
True,False,False,72,221,5090851,Vacation Life,I,False,271,4004203,5090851
True,True,False,0,44,43970427,카 스,I,False,103,207433101,43970427
True,True,False,54,395,61860276,iililiillilliil,I,False,466,209570671,61860276
True,False,False,0,236,29571741,잎프맛,I,False,282,204764414,29571741
True,False,False,12,626,41110521,한대부고 성재현,I,False,661,206862637,41110521
True,False,False,12,287,8308042,야 쟤 미쳤나 봐,I,False,326,5788087,8308042
False,False,False,38,505,3416727,세이미ToT,I,True,548,2666724,3416727
True,False,False,125,563,60221515,Cpangpang,I,False,642,209433363,60221515
False,False,False,36,289,1323757,의 주,I,True,328,880562,1323757
True,True,False,0,75,1106088,lmjwedding6,I,False,214,731345,1106088
False,True,False,267,557,8550920,Lorde,I,False,603,5824372,8550920
False,False,False,24,369,9746171,우셩셩,I,False,404,6780776,9746171
False,False,False,158,608,11049801,반쩌리,I,True,706,7850231,11049801
False,False,False,201,309,3222049,감정이풍부한사람,I,True,352,2378633,3222049
False,False,False,77,179,4464250,형 지나간다,I,False,252,3521595,4464250
False,False,False,16,190,2271379,Scarlet Fox,I,True,233,1710591,2271379
False,False,False,56,259,5654600,Gbin,I,False,325,4436075,5654600
False,False,False,11,164,3922123,l3 Marge,I,False,266,3101966,3922123
False,False,False,65,227,59070567,Mykeb10,I,False,297,209229835,59070567
False,False,False,56,386,2867780,GReenshower,I,True,423,2246114,2867780
True,False,False,65,1086,8400105,asdlkjnlkas,I,False,1134,5827160,8400105
True,True,False,0,463,17133784,RRRulyyy,I,False,549,201340433,17133784
True,False,False,124,727,3633510,1427538696835724,I,False,765,2807164,3633510
False,False,False,0,542,44280169,난Max,I,False,583,207493167,44280169
True,False,False,217,233,2395962,유내현,I,False,295,1816861,2395962
False,False,False,349,1092,51011028,우리가인연이라면,I,True,1139,208279320,51011028
False,False,False,0,403,30010179,8강따리미드,I,False,449,204802627,30010179
True,False,False,92,176,57960470,천천히올라감,I,False,240,209197502,57960470
False,False,False,131,333,42175515,응애응애우는사람,I,False,382,207155639,42175515
True,True,False,59,431,3489386,묵묵히게임만한다,I,False,470,2735812,3489386
False,False,False,285,1052,28870358,심심풀이 남신,I,False,1086,204531622,28870358
False,False,False,121,335,1422872,doid,I,True,396,930698,1422872
False,False,False,102,205,59590636,정글줘캐리할겡,I,False,273,209334636,59590636
False,False,False,249,434,1765372,쿠티비 vs 스베누,I,True,481,1302978,1765372
True,False,False,0,257,17082960,프로할꺼다123,I,False,297,201320486,17082960
False,False,False,128,267,3442980,RPG Dara,I,False,319,2654706,3442980
False,True,False,220,909,50390691,양충하,I,True,973,208162181,50390691
False,False,False,317,187,45312094,개지무,I,True,259,207653439,45312094
False,False,False,123,489,3181583,엔페시아,I,True,533,2373709,3181583
True,False,False,0,130,5219091,춍 하 ,I,False,164,4307493,5219091
False,False,False,0,440,17856116,돈많이벌자주녀가,I,False,479,201711371,17856116
True,False,False,5,344,10609150,명뭉아,I,False,388,7579092,10609150
True,True,False,0,182,10260512,포로 서폿,I,False,220,7158870,10260512
False,False,False,234,626,3921948,꼬맹이전쟁,I,False,675,3095385,3921948
True,False,False,0,393,5001248,욕설왕 퍼킹,I,False,475,4006088,5001248
True,False,False,330,663,18451556,해강고 원딜,I,False,722,201895625,18451556
True,True,False,0,298,12242707,볼 살,I,False,366,200539060,12242707
True,False,False,0,565,8245498,허를 찌르는 갱킹,I,False,601,5733995,8245498
True,False,False,281,1219,2347143,훙고로케,I,False,1279,1824284,2347143
False,False,False,98,461,56421884,Eriol,I,True,535,209012031,56421884
False,False,False,200,890,31352881,Mengqiuqiu,I,False,944,205213320,31352881
False,False,False,100,420,38450869,P1ut0,I,False,445,206431508,38450869
True,False,False,0,203,13021308,노 빅,I,False,234,200659835,13021308
True,False,False,0,111,5717404,미남 서폿터,I,False,142,4495828,5717404
True,True,False,58,875,3220141,으잉7,I,False,933,2355618,3220141
False,False,False,3,782,57810272,Mulkeongs,I,False,833,209192190,57810272
False,True,False,21,263,9347032,태희누낭,I,False,304,6554107,9347032
False,False,False,191,263,26212605,Find Realey,I,False,328,202047579,26212605
True,False,False,25,128,10637741,LANSSER ZERO,I,False,171,7555939,10637741
False,False,False,248,617,6954063,번역하지 마라,I,True,666,4939473,6954063
True,False,False,0,299,58220393,허를 찌르는 킬각,I,False,347,209217739,58220393
False,False,False,0,122,36661134,Jisu XD,I,False,158,206180514,36661134
True,True,False,55,519,8890410,AD Talon Carry,I,False,568,5996803,8890410
False,False,False,259,472,4403914,어디서 온,I,False,520,3414924,4403914
True,False,False,175,306,30832235,티버랑애Ll,I,False,451,205043205,30832235
True,True,False,0,785,51480838,카쿠누미,I,False,848,208306070,51480838
True,False,False,62,495,52081621,초밥에맥주한잔,I,False,565,208436226,52081621
True,True,False,12,536,20330532,SKT T1 뿡만두,I,False,580,202575872,20330532
True,False,False,0,395,9093672,액션이,I,False,426,6286773,9093672
True,False,False,0,366,4630469,강희엄마반찬안해,I,False,398,3632481,4630469
True,False,False,0,169,17881137,Iing Iing,I,False,251,201599124,17881137
False,False,False,299,214,11151197,IgNar,I,False,296,7859270,11151197
True,False,False,99,357,54811204,IGS Nuguri,I,False,457,208660746,54811204
False,False,False,30,366,17400456,스무살 강희,I,False,406,201364900,17400456
False,False,False,239,157,32075678,Here we go,I,False,202,205480506,32075678
True,True,False,86,336,11312877,Zhou kai,I,False,433,200050008,11312877
True,False,False,0,123,24690438,농부1,I,False,187,203735788,24690438
False,False,False,85,462,4675528,sup xiangdazhiye,I,False,559,3752918,4675528
False,True,False,299,759,2759646,승 로,I,False,880,2136898,2759646
False,True,False,222,672,7160212,잘해주지못해,I,False,718,5046059,7160212
True,False,False,0,579,36060228,Greenday,I,False,617,206101124,36060228
True,False,False,5,513,55860557,슬픈 눈,I,False,586,208917246,55860557
True,False,False,75,119,2434054,Saal,I,False,199,1783885,2434054
False,False,False,16,117,27991405,수빈이만봄,I,False,205,204326691,27991405
True,True,False,0,222,23660983,인정쓰,I,False,262,203359828,23660983
False,False,False,229,278,23542834,우로할,I,False,321,202567851,23542834
True,False,False,133,303,59870943,TK biubiu,I,False,390,209306798,59870943
True,True,False,0,52,35950366,실 력,I,False,144,206051565,35950366
True,False,False,0,420,9680209,나를 모르길 바래,I,False,465,6655923,9680209
True,True,False,0,232,54910179,비철단도,I,False,297,208627998,54910179
True,False,False,0,180,57130781,9731248650905247,I,False,245,209106299,57130781
False,False,False,3,923,50830223,mianma,I,False,964,208168133,50830223
False,False,False,78,348,1447722,16supz,I,False,417,1073266,1447722
True,False,False,0,1029,2401825,ebuC,I,False,1060,1755389,2401825
True,False,False,0,54,10749868,Wiz ICE,I,False,140,7607727,10749868
True,False,False,0,315,5892855,오빠먼저샤워할게,I,False,376,4595860,5892855
True,False,False,151,515,4887772,코태는,I,False,559,3946530,4887772
False,False,False,57,358,23515825,한쿡말몰라,I,False,402,203516817,23515825
True,False,False,0,70,4071463,K 듀란트,I,False,153,3254107,4071463
True,False,False,0,441,40330567,zuizuizuizuizui,I,False,507,206731480,40330567
False,False,False,94,260,33461854,1ovestruck,I,False,297,205751852,33461854
False,False,False,140,505,5186173,Ermion로커,I,False,596,4255460,5186173
True,False,False,283,344,5802440,Rinye,I,False,395,4586738,5802440
False,False,False,0,218,11061747,잘해줘서고마워,I,False,257,7699221,11061747
True,False,False,11,322,56010155,KT화이팅,I,False,346,208914823,56010155
False,False,False,149,646,8754245,댕청잇,I,True,692,5952911,8754245
False,False,False,33,322,49480594,팬 따,I,True,361,208057420,49480594
False,False,False,46,498,55011052,I CanT Die,I,False,563,208777210,55011052
False,False,False,338,185,29341691,IGS Dasher,I,False,277,204673167,29341691
False,False,False,21,344,38941060,변춘수,I,False,392,206521473,38941060
False,True,False,210,928,22571215,wojuede OK,I,False,979,203024162,22571215
True,True,False,0,71,60671604,BBD,I,False,131,209497888,60671604
False,False,False,5,53,57680332,베이징,I,False,112,209132696,57680332
True,False,False,0,25,51600124,야스오너무좋아,I,False,85,208325070,51600124
True,True,False,18,164,50330601,Jin Air Euna,I,False,215,208163075,50330601
True,False,False,19,450,1093656,Tone Deaf,I,False,503,443084,1093656
True,False,False,15,969,2190492,neuroticism,I,False,1006,1649273,2190492
False,False,False,249,816,45170701,뭐이리불만이많아,I,True,854,207572080,45170701
True,False,False,0,230,4934416,세나의복수다탕탕,I,False,278,3886348,4934416
True,False,False,16,446,20411274,댈지어다,I,False,484,202640936,20411274
False,False,False,21,172,57720996,던져서죄송합니다,I,False,244,209165499,57720996
False,True,False,12,58,2921333,화가난빵돌이,I,False,134,2169212,2921333
False,True,False,288,899,26691029,사 용 수,I,False,944,204196076,26691029
False,False,False,306,1400,16140220,Kingen,I,True,1451,201133405,16140220
False,False,False,0,568,8356967,이상호저격계정,I,True,603,5757078,8356967
True,False,False,70,770,3681888,cutexx,I,False,859,2740138,3681888
False,False,False,35,394,9305288,홍삼괴물,I,True,496,6502161,9305288
True,False,False,307,226,57210260,111111111111110,I,False,312,209090976,57210260
True,False,False,34,675,50080859,Hide On Sh1t,I,False,716,208120798,50080859
False,False,False,279,636,1730843,수입뿌드,I,True,697,1243363,1730843
False,False,False,42,473,39071187,너네랑대화안함,I,False,505,206567888,39071187
True,False,False,155,262,8471153,Creative Self,I,False,314,5845781,8471153
False,False,False,0,133,28630732,weuijetqwgbwefoq,I,False,210,204459286,28630732
False,False,False,126,356,11386145,H2K J00N,I,False,406,200107827,11386145
True,False,False,67,304,35781732,숲속거인,I,False,377,206098467,35781732
False,True,False,87,303,30221775,SKT Tl Untara,I,False,418,204855879,30221775
False,False,False,85,124,42600887,Svvord,I,False,186,205964102,42600887
False,False,False,49,354,10261605,멍하다,I,True,403,7208941,10261605
False,False,False,270,181,36150140,Detiny,I,False,240,206100474,36150140
True,True,False,334,573,2759691,너와나의연결Gori,I,False,627,2139315,2759691
False,False,False,108,98,55060589,RVS Gori,I,False,166,207922335,55060589
True,False,False,0,1163,12172266,Alex1a,I,False,1204,7419934,12172266
False,False,False,60,808,5892222,갱꼬삼실화냐,I,False,859,4585020,5892222
True,False,False,33,926,2749828,Jin Air raise,I,False,935,2140699,2749828
False,False,False,178,398,46311009,아트가 앗뜨거,I,True,467,207769672,46311009
False,False,False,59,1044,53091092,Meow OuO,I,True,1114,208538232,53091092
False,False,False,41,199,16380488,오크족대표,I,False,303,201200763,16380488
True,False,False,0,297,26500547,C2eam,I,False,335,204079990,26500547
False,True,False,215,195,55081016,티깨비,I,False,285,208811635,55081016
False,False,False,96,670,8120770,칼날부리 친구들,I,True,708,5592043,8120770
False,False,False,0,1064,2116208,Felda,I,False,1097,1632810,2116208
False,False,False,31,64,25121454,야스오꼴픽박는다,I,False,120,203813652,25121454
False,False,False,83,120,62280147,Devastating,I,True,145,209603052,62280147
False,False,False,83,122,63140816,Savage,I,True,180,209692576,63140816
False,False,False,32,1176,54792651,이상호,I,True,1208,208648862,54792651
True,False,False,0,415,7403394,xiang jian ni,I,False,548,5122925,7403394
False,False,False,0,413,2026097,NewGlue,I,False,474,1499725,2026097
False,False,False,36,668,3851723,그리워 지친 날,I,False,705,2941842,3851723
True,True,False,0,994,1221679,Douglas Killer,I,False,1036,488193,1221679
False,False,False,136,250,29482811,010723,I,True,316,204710032,29482811
True,True,False,0,77,63730285,이석희 이색희,I,False,160,209748974,63730285
True,False,False,166,465,2716219,머리쿵헤쪄,I,False,516,2089570,2716219
False,False,False,81,197,7201519,BJ토마,I,True,280,5067916,7201519
True,True,False,0,9,61240928,Longzhu Crash,I,False,68,209531641,61240928
True,False,False,34,371,54980691,Hanabii,I,False,414,208752740,54980691
True,False,False,361,699,19421492,멘탈잡자으쌰으쌰,I,False,755,202440221,19421492
False,False,False,106,330,43920600,Tae nooh,I,False,371,207440298,43920600
False,False,False,148,100,37610260,kinopioyo1z,I,True,161,206305916,37610260
False,False,False,30,472,1113257,땅콩엿,I,False,553,719353,1113257
True,True,False,21,544,8239255,solo rank k,I,False,634,5797364,8239255
False,False,False,0,233,12241219,hyc46,I,False,273,200515659,12241219
False,False,False,127,316,15760392,비운의 미드 유저,I,False,360,201113417,15760392
False,False,False,129,150,26562566,gragas zz,I,False,197,204149210,26562566
False,False,False,239,425,38521152,Haemam,I,True,487,206439395,38521152
True,False,False,22,58,63930170,iotjeun01,I,False,87,209761295,63930170
False,False,False,74,597,4542720,JustLikeThat,I,True,635,3494294,4542720
True,False,False,0,421,8621508,IllIlIllIll,I,False,454,5897987,8621508
True,False,False,224,662,19615477,Seroum,I,False,705,202561023,19615477
False,True,False,216,555,55170797,Shivaree,I,True,620,208803177,55170797
False,False,False,13,314,8642728,BI BICK,I,False,354,5872641,8642728
False,False,False,160,366,1650519,Mocha1,I,False,416,824870,1650519
False,False,False,20,642,1095340,zx다크블레이드xz,I,True,675,238155,1095340
False,False,False,87,930,37330462,율천고 펀치라인,I,True,969,206280171,37330462
False,True,False,350,675,1113675,멜로디4,I,False,724,548226,1113675
False,False,False,18,341,1715003,S H MA,I,False,381,436251,1715003
False,False,False,57,83,10042590,You are 300 cash,I,False,124,7007312,10042590
False,True,False,357,426,40940806,NSG Young,I,False,476,206869329,40940806
True,False,False,0,144,12572280,챌찍고배그,I,False,220,200616442,12572280
False,False,False,123,1053,35010825,JJJgplZZZ,I,True,1121,205942124,35010825
True,False,False,2,221,53150257,항 티모띠,I,False,301,208489143,53150257
False,False,False,0,616,18351466,dpvhzm,I,False,660,201892460,18351466
False,False,False,97,426,8271480,light11111,I,False,570,5657517,8271480
False,False,False,71,317,9247770,꾸후루후루루,I,True,374,6542649,9247770
True,False,False,35,535,21200124,CJE Soul,I,False,570,201779570,21200124
True,False,False,361,599,50270654,Flaycid,I,False,674,208162609,50270654
True,False,False,0,83,62400271,krasasasasasasa,I,False,129,209624643,62400271
True,False,False,8,159,46190126,dusanddl,I,False,189,207718146,46190126
False,True,False,310,417,2156510,VeryBitter,I,False,517,1638311,2156510
False,False,False,176,287,55061581,퍼플팀 에아에아,I,False,393,208826454,55061581
False,False,False,141,680,1296600,Papoillon,I,False,714,916583,1296600
True,False,False,0,337,12201469,만덕아,I,False,366,200521469,12201469
True,False,False,0,392,55272069,미드노스펠갱와,I,False,442,207998683,55272069
True,False,False,16,337,4134517,WeiLing,I,False,384,3325510,4134517
True,False,False,17,704,1940491,D AND AN DAN,I,False,738,1409848,1940491
False,True,False,219,678,31301623,나라카일,I,True,727,205167316,31301623
True,False,False,46,245,44320436,킹갓엠페러무진,I,False,313,207501719,44320436
False,True,False,203,399,6881506,yz0726,I,False,448,4876431,6881506
True,False,False,2,359,6112582,Peecaboo,I,False,457,4699649,6112582
False,False,False,312,803,8361277,Cheers,I,False,854,5597834,8361277
True,False,False,13,230,9675098,김치무말랭이,I,False,283,6766338,9675098
False,False,False,46,774,54904131,m1nit,I,False,842,208746217,54904131
True,False,False,0,233,8530195,엣토니,I,False,277,5827555,8530195
True,False,False,18,1125,9025807,끝까지열심히함,I,False,1159,6316690,9025807
False,False,False,217,736,1344293,Ummeeee,I,True,780,885428,1344293
True,True,False,0,6,32860310,영유종호,I,False,40,205557447,32860310
False,True,False,57,508,45061579,고양이못함,I,False,621,207596965,45061579
True,True,False,0,658,49200617,Shillan,I,False,706,208057398,49200617
False,False,False,253,897,17840534,소년은 이제 없다,I,True,951,201582404,17840534
True,False,False,0,48,22971662,MEEEEEEEEE,I,False,105,203164826,22971662
False,False,False,27,199,48570621,jh414,I,False,251,207990919,48570621
False,False,False,103,521,20200762,Second Chance,I,True,559,202583967,20200762
True,False,False,77,231,1175092,S2정글초보S2,I,False,280,758197,1175092
True,True,False,30,68,29760511,Ums4,I,False,104,204725181,29760511
True,False,False,0,200,1434432,박진성,I,False,251,1027665,1434432
False,False,False,45,214,35781726,비트는기리보이,I,False,268,206097095,35781726
False,False,False,139,334,34790499,다시 올라서다,I,True,391,205878819,34790499
True,False,False,20,605,17657097,군인하고싶어요,I,False,684,201539889,17657097
True,False,False,19,477,12230581,탈무드인간 ,I,False,560,200500389,12230581
False,True,False,216,572,29301571,응암동불주먹,I,True,623,204668812,29301571
False,False,False,225,244,3486582,감자갓,I,False,286,2701749,3486582
False,True,False,61,75,9344052,핑크색사과,I,False,139,4080219,9344052
False,False,False,144,351,5186475,Jisu2,I,False,400,3668847,5186475
True,False,False,0,434,1532936,아재3,I,False,467,380092,1532936
False,True,False,63,415,32094586,sen Haksal,I,False,475,205446910,32094586
False,True,False,58,184,9143363,강남1번원딜,I,False,233,6274737,9143363
False,False,False,87,1017,2029599,XuanXuanPi,I,True,1060,1543417,2029599
True,True,False,103,821,10393044,시공 여행자,I,False,894,7256651,10393044
False,False,False,102,109,39180949,섹지드,I,False,160,206559116,39180949
